7819101;Letreiro - Alternativo - Marçom - "HYUNDAI" - cromado - cada (unidade) - 10100
7784615;NAO EXISTE NA TOOLS
5934568;Branca de Neve e Rosa Vermelha e Outras Histórias - EDITORA MANOLE LTDA
7820495;Spot mini - Autopoli - Led vermelho - 12V - preto - cada (unidade) - AP143
7784611;NAO EXISTE NA TOOLS
7822463;Cabo para trancar estepe e motos - com chave comum - 1200mm - fumê - cada (unidade)
7784610;NAO EXISTE NA TOOLS
7784410;NAO EXISTE NA TOOLS
7820491;Spot mini - Autopoli - Led verde - 12V - preto - cada (unidade) - AP141
7784609;NAO EXISTE NA TOOLS
7784603;NAO EXISTE NA TOOLS
7784602;NAO EXISTE NA TOOLS
7823501;Macaco - importado - garrafa - para até 2 toneladas - hidráulico - cada (unidade) - 70458
7823500;Manopla do câmbio - Alternativo - modelo Golf - universal - cada (unidade)
7822453;Fita dupla face - 0,90cm por 14,7mm - larga - branca - cada (unidade)
7784600;NAO EXISTE NA TOOLS
109185521;Pó Compacto Maybelline Dream Matte Powder
7153609;CAPTAIN CORRELLI'S MANDOLIN 6 PACK CD PLPR 2E - EDITORA PEARSON EDUCATION DO BRASIL LTDA
7791378;Capa de parafuso - Alternativo - 17mm - preta - jogo
5786165;Livro - Rimbaud Livre 
6823207;INTELLIGENT BUSINESS ELEMENTARY WB W/AUDIO CD - EDITORA PEARSON EDUCATION DO BRASIL LTDA
7784405;NAO EXISTE NA TOOLS
7784402;NAO EXISTE NA TOOLS
7822444;Lâmpada - Autopoli - torpedo LED amarelo - longa - 12V 10W - 10,5x42mm - par - AP380
7822442;Lâmpada - Autopoli - Torpedo - curta 36mm - led branco - par - AP 382
7822448;Lâmpada - Autopoli - torpedo LED vermelho - longa - 12V 10W - 10,5x42mm - par - AP379
7833541;Alto-falante - H-Buster - Quadriaxial - 5" - 55 W RMS - par - QB5040
5902361;Viagem Pelo Egito, Uma - EDITORA PLANETA DO BRASIL LTDA.
7821378;Refil do limpador - Alternativo - 22" polegadas - par
7821371;Arame de solda - latão fino - cada (unidade)
7822246;Friso colante - UNIVERSAL - 9 metros-largo 14mm - c/filete cromado - preto - cada (unidade)
7785793;NAO EXISTE NA TOOLS
5877794;Domingos Caldas Barbosa - Editora 34 Ltda.
7824494;Fusível - mini - 15 âmperes - cada (unidade)
7824495;Fusível - mini - 20 âmperes - cada (unidade)
7822435;Lâmpada - Autopoli - torpedo LED branco - longa - 12V 10W - 10,5x42mm - par - AP 377
7824490;Fusível - mini - 10 âmperes - cada (unidade)
6569263;A VACA VOADORA - GLOBAL EDITORA E DISTRIBUIDORA LTDA
7822437;Lâmpada - Autopoli - Torpedo - curta 36mm - led azul - par - AP 383
7822438;Lâmpada - Autopoli - Torpedo - curta 36mm - led vermelho - par - AP 384
7821363;Abraçadeira - Alternativo - de amianto para escapamento - cada (unidade)
7821364;Antena - Alternativo - FM - cromada - cada (unidade)
7821365;Abraçadeira - Alternativo - tipo - U para escapamento - cada (unidade)
7821366;Abraçadeira - Alternativo - comum para escapamento - cada (unidade)
7821779;Lixa - da àgua n.- 220 - cada (unidade)
7006890;Livro - Grammar in Use Intermediate Student's Book with answers and CD-ROM
7821778;Lixa - da àgua n.- 360 - cada (unidade)
7821772;Lixa - da àgua n.- 240 - cada (unidade)
7821776;Lixa - da àgua n.- 100 - cada (unidade)
7821593;Manopla do freio de mão - Sóparauto - alion tuning - azul e cromada - cada (unidade)
7784652;NAO EXISTE NA TOOLS
6049143;Comunicação e Marketing: Fazendo a Diferença Dia-a - Renato
6823251;MARKET LEADER ADVANCED TB AND TEST MASTER CD ROM - EDITORA PEARSON EDUCATION DO BRASIL LTDA
7824482;Fusível - cerâmica - 30 âmperes - cada (unidade)
7821984;Aplique da soleira - Autopoli - acabamento em aço inox xadrez - porta traseira - par - AP159
110849072;Laptop Barbie B-Book (Special Edition - 2010)
7824484;Fusível - maxi - 40 âmperes - cada (unidade)
7824483;Fusível - cerâmica - 8 âmperes - cada (unidade)
7821981;Aplique da soleira - Autopoli - Acabamento em alumínio alto relevo - traseiro - par - AP113
7824488;Fusível - maxi - 30 âmperes - cada (unidade)
7824489;Fusível - maxi - 60 âmperes - cada (unidade)
7280497;BONE NIKE HERITAGE SWOOSH - BCO - UNICO
7821781;Lixa - da àgua n.- 320 - cada (unidade)
7821782;Lixa - da àgua n.- 280 - cada (unidade)
7821392;Antena do teto - Alternativo - auto adesiva - dianteira decorativa - cada (unidade)
7821599;Manopla do freio de mão - Sóparauto - alion tuning - vermelha e cromada - cada (unidade)
7821597;Manopla do freio de mão - Sóparauto - alion tuning - preta e cromada - cada (unidade)
7785373;NAO EXISTE NA TOOLS
7821581;Capa para válvula da roda - com emblema Honda - cromada - jogo
7834101;Aeroduto para caixa dutada - Selada 4" - preto - cada (unidade)
6940309;OXFORD PREP COURSE FOR THE TOEIC PRACTICE TEST 2 N - OUP OXFORD UNIVER PRESS DO BRASIL PUBLIC
7834103;Tweeter do alto-falante - Selenium - cada (unidade) - ST350
7784646;NAO EXISTE NA TOOLS
7785379;NAO EXISTE NA TOOLS
7821791;Lixa - da àgua n.- 400 - cada (unidade)
110655913;Análise Linear De Sistemas Dinâmicos
7784649;NAO EXISTE NA TOOLS
7822497;Manopla do câmbio - Lotse - modelo oxy - vermelha - cada (unidade) - oxy-vm
7822499;Manopla do câmbio - Lotse - modelo oxy - preta - cada (unidade) - oxy-pr
7824472;Fusível - cerâmica - 15 âmperes - cada (unidade)
7820918;Adesivo refletor - para caminhão - cada (unidade)
7822493;Manopla do câmbio - Lotse - modelo oxy - cromada - cada (unidade) - oxy-cr
7822211;Olho de gato - Alternativo - simples - colante - vermelho - cada (unidade)
6823249;MARKET LEADER ADVANCED PRACTICE FILE - EDITORA PEARSON EDUCATION DO BRASIL LTDA
7120580;TANTOS DIAS - MEMORIAS DE UMA LUTA PELA VIDA
5983351;T&D: uma Abordagem Organizacional, por Gerenciamen - NOVO SECULO LIVRARIA E EDITORA LTDA
5942394;Aula de Surfe - Renato
7808279;Letreiro - Alternativo - Escort 1.3 - "1.3" - cada (unidade)
7784634;NAO EXISTE NA TOOLS
7822486;Manopla do câmbio - Lotse - modelo oxy - cinza - cada (unidade) - oxy-cz
7821091;Buzina - 2 terminais - caracol - B57 - cada (unidade)
7784637;NAO EXISTE NA TOOLS
7821097;Rele de buzina - Alternativo - 3 terminais - B-127 - cada (unidade)
7784635;NAO EXISTE NA TOOLS
7821096;Buzina - universal - 2 terminais - caracol - cada (unidade)
7838127;Maiô Speedo Maillot Racerback
7823730;Fusível - vidro - 20 âmperes - cada (unidade)
7824209;Esponja - Goodyear - super soft - cada (unidade) - VCE179
7823733;Fusível - vidro - 10 âmperes - cada (unidade)
7824206;Para-sol do para-brisa - Goodyear - prata - cada (unidade) - WSS109
7824207;Toalha - Goodyear - flanela sintética - cada (unidade) - VCE133
7823739;Apoio de cabeça - Alternativo - preto - cada (unidade)
6823986;FCE GOLD PLUS  SB WITH ITEST CD ROM - EDITORA PEARSON EDUCATION DO BRASIL LTDA
7790915;Capa de parafuso - Alternativo - 17mm - cromada - jogo
5931422;Livro - Crônicas da Vida Boemia 
7834129;Cabo de vela - Maxi-Cabo - Picanto 1.0 8v - jogo - 39647S
7822475;Buzina - importado - modelo Marítima - corneta longa - preta - cada (unidade) - 703537
6610073;BONE NIKE FEATHER LIGHT W - PRETO+BRANCO - UNICO
7784621;NAO EXISTE NA TOOLS
7784623;NAO EXISTE NA TOOLS
7784624;NAO EXISTE NA TOOLS
5840482;Histórias para se Ver por Outro Lado - EDITORA RCB LTDA
7784625;NAO EXISTE NA TOOLS
7821085;Porta óculos - Sóparauto - travas de inox - cod: 5524 - preto - cada (unidade)
6939529;AM HEADWAY 2 WB A - OUP OXFORD UNIVER PRESS DO BRASIL PUBLIC
7838114;Sunga Speedo Acqua Plus 12cm
7784627;NAO EXISTE NA TOOLS
7821087;Antena do teto - traseira - decorativa - grande - preta - cada (unidade)
7821088;Buzina - importada - com 2 cornetas - jogo
7835642;HP12C GOLD
7820905;Protetor da porta - Autopoli - Adesivo de proteção - preto - par - AP120
7823728;Fusível - vidro - 25 âmperes - cada (unidade)
7823727;Fusível - vidro - 30 âmperes - cada (unidade)
7785766;NAO EXISTE NA TOOLS
7795590;Letreiro - "GLS" - auto colante - cada (unidade)
7823729;Fusível - vidro - 15 âmperes - cada (unidade)
110659498;Série Sustentabilidade (Metrópoles E O Desafio Urbano Vol. 6)
7827127;Disco de freio - Hipper Freios - Cherokee/Grand - Cherokee/Wrangler - sólido - par - HF-723
7823799;Protetor do cinto de segurança - Alternativo - Sóparauto - alion tuning - par
7823796;Apoio de cabeça - veludo - modelo Ford - preto - cada (unidade)
7833325;Arruela de pressão - 5 mm - cada (unidade)
7840024;Arandela Olívia Preta
6823297;MARKET LEADER PRE INTER PRACTICE FILE NE - EDITORA PEARSON EDUCATION DO BRASIL LTDA
5584700;MARKETING SOCIAL
6823299;MARKET LEADER PRE INTER PRACTICE FILE W/AUD CD NE - EDITORA PEARSON EDUCATION DO BRASIL LTDA
7769828;NAO EXISTE NA TOOLS
7839994;Pendente Umbrella Preto-Pequeno
7821546;Rebite - Alternativo - Pop - pequeno - 3,2 x 10 - cada (unidade)
7839987;Pendente Swing
7820961;Tampa buraco do rádio - "radio e cd" - frente removivel - preto liso - cada (unidade)
7820963;Fusível - cerâmica - 20 âmperes - cada (unidade)
7821543;Calota aro 14 - NK Brasil - aro - encaixe - cromado - cada (unidade) - N 2312
6941931;SUPER BOY (OSR 4) - OUP OXFORD UNIVER PRESS DO BRASIL PUBLIC
7785536;NAO EXISTE NA TOOLS
7820969;Fusível - lâmina- 40 âmperes - cada (unidade)
7833331;Arruela de pressão - 8 mm - cada (unidade)
7789358;Capa de parafuso - Alternativo - 19mm - preta - jogo
7820964;Capa para válvula da roda - com emblema VW - cromada - jogo
7833335;Arruela de pressão - 10 mm - cada (unidade)
7833336;Arruela de pressão - 14 mm - cada (unidade)
7820967;Fusível - cerâmica - 25 âmperes - cada (unidade)
7823780;Lanterna para socorro - 36 leds branco - com tomada 110/220 wolts - cada (unidade)
7771382;REGATA É UM MENINO BRANCA
5874572;Tênis Gorge Feminino - Sao Paulo Alpargatas SA
7833330;Arruela de pressão - 6 mm - cada (unidade)
7771389;BELL CARGO PRAIA
6823281;MARKET LEADER INTERM PF AUD CD(1) - EDITORA PEARSON EDUCATION DO BRASIL LTDA
6938147;IMPORTANCE OF BEING ERNEST. THE (OBW PLAY 2) 2ED C - OUP OXFORD UNIVER PRESS DO BRASIL PUBLIC
7801216;Letreiro - Alternativo - Marçom - "C-40" - cada (unidade) - 0130
7821578;Calota do centro da roda - Alternativo - roda aranha - prata - cada (unidade)
6823663;L CHILDREN'S PICTURE DICTIONARY  WB 2 - EDITORA PEARSON EDUCATION DO BRASIL LTDA
7823770;Lanterna para socorro - 36 leds branco - com garra p/ bateria e plug para insqueiro - cada (unidade)
6822891;ANNE OF GREEN GABLES 2 PACK CD ROM ACT READING - EDITORA PEARSON EDUCATION DO BRASIL LTDA
7828963;Filtro da cabine - Filtros Brasil - Audi A6 - 1997 em diante - cada (unidade) - FB0305
7821567;Calota do centro da roda - Alternativo - roda scorro 50mm s/emblema - cada (unidade)
5796085;GATO SOU EU,O
5963237;Repensando o Estado para o Desenvolvimento Social - CORTEZ EDITORA E LIVRARIA
7833355;Arruela para calota - p/calotas aro 13",14" ou 15" fixadas com parafusos - cada (unidade)
114632292;Livro - Cidades de Papel
7820449;Farol de milha - Alternativo - UNIVERSAL - redondo - cada (unidade)
7821518;Rebite - Alternativo - Pop - médio - 4,0 x 10 - cada (unidade)
7833367;Alto-falante - Bravox - Triaxial 5" - 40W - par - B3X50
7820652;Xampu - Grand Prix (Johnson) - com cera - 200ml - cada (unidade) - 115480
7771131;MESINHA QUADRO ESCOLAR
7820650;Terminal de fio - Alternativo - redondo - 2,5mm - externo 12mm - interno 5mm - cada (unidade)
110659455;Série Sustentabilidade (Energia E Desenvolvimento Sustentável   Vol. 4)
7820993;Calota do centro da roda VW - NK Brasil - roda Orbital - cada (unidade) - VW 3005
7833771;Pinhão do distribuidor - Aplic - Linha GM - cada (unidade) - 259
7822820;NAO EXISTE NA TOOLS
7822011;Controle para alarme - Pósitron - PX32 - cada (unidade) - PST010811002
7822010;Cabo RCA - Alternativo - emborrachado - 5 metros - preto - cada (unidade)
7822427;Fita dupla face - 5 metros por 14,7mm - larga - transparente - branca - cada (unidade)
7820458;Para-sol lateral - tela dobrável - liso - par
7820459;Retrovisor externo - Alternativo - universal - cromado com lente azul - cada (unidade)
7822424;Fita dupla face - 5 metros por 11mm - estreita - transparente - branca - cada (unidade)
7823558;Lixa - da àgua n.- 500 - cada (unidade)
7823559;Soquete da lanterna dianteira - Alternativo - 1 polo - modelo universal - cada (unidade)
7822823;Antena do teto - Olimpus - traseira - modelo GTI com cabo - universal - cada (unidade) - 13.20.0010
7823555;Tinta spray - cinza aluminio - cada (unidade)
7821319;Lixa - disco para lixadeira (NORTON ) Nº36 - cada (unidade)
7823552;Tinta spray - cinza grafite - cada (unidade)
7822421;Fita dupla face - 10 metros por 11mm - estreita - transparente - branca - cada (unidade)
7820664;Cabo adaptador de antena - fêmea com cabo de extensão AD-50 - preta - cada (unidade)
7785577;NAO EXISTE NA TOOLS
7785578;NAO EXISTE NA TOOLS
7820660;Farol de milha - Alternativo - UNIVERSAL - retangular -pequeno - cada (unidade)
7770903;JOGO TORRES DAS PRINCESAS
5358633;CONTROLADORIA AVANÇADA
7820662;Terminal adaptador de antena - s/cabo de extensão AD-55 - cromado - cada (unidade)
7822029;Friso colante - Universal de 10 metros - largo 10mm de largura - cromado - cada (unidade)
7822027;Friso colante - Alternativo - Aplic -30 mm cromado - 10 metros - auto colante - cada (unidade)
7822023;Controle para alarme - Pósitron - MOTO DB20 - cada (unidade) - PST010621004
7828973;Bomba de combustível elétrica - Palio - gasolina - refil - cada (unidade)
7822022;Canaleta - Alternativo - estreita - (1,0 cm de largura) - preta - metro
7822811;Rebite - Alternativo - Quebra-vento - cada (unidade)
7822419;Fita dupla face - 90 cm por 11mm - estreita - transparente - branca - cada (unidade)
7822416;Interruptor liga e desliga - cada (unidade)
6945663;Livro - Urbe e o Traço - Uma Década de Estudos sobre o Urbanismo Português
7823547;Tinta spray - rápido - preto - cada (unidade)
7820468;Lâmpada - Alternativo - importado - um polo - base de plástico - cada (unidade) - 701009
7822813;Elástico do bagageiro - Alternativo - extensor - 1 metro - cada (unidade)
7820464;Chave de roda - cruz - 17 x 19 x 21 com espatula - prata - cada (unidade)
7786094;NAO EXISTE NA TOOLS
7789141;Tubo do escape - saída larga - para Fusca e Brasilia - cromado - cada (unidade)
7820677;Faixa adesiva - 10 metros - faixa paralelas - preta - cada (unidade)
7820471;Solução para bateria - cada (unidade)
7785567;NAO EXISTE NA TOOLS
7820676;NAO EXISTE NA TOOLS
7820675;Faixa adesiva - 10 metros - faixa paralelas - azul - cada (unidade)
7820970;Capa para válvula da roda - com emblema G.M. - cromada - jogo
7820974;Capa para válvula da roda - com emblema Fiat - cromado - jogo
7965877;NAO EXISTE NA TOOLS
7822801;Coifa da alavanca do freio de mão - universal - couro preto - cada (unidade)
5901623;Mudanças: o Fim é Apenas o Começo...: a Sintaxe pa - NOVO SECULO LIVRARIA E EDITORA LTDA
7823536;Chapinha - média - cada (unidade)
7820478;Elástico do bagageiro - Autopoli - Extensor - 2,0 metros - modelo aranha - cada (unidade) - AP022
7153831;EARTHQUAKE, THE 2 PACK CD ROM PLAR 1E - EDITORA PEARSON EDUCATION DO BRASIL LTDA
7822808;Coifa da alavanca do freio de mão - Alternativo - universal - napa-preta - cada (unidade)
5931934;Livro - Origem e o Retorno, A
7833989;Parafuso do cinto de segurança - Alternativo - sem pescoço - cada (unidade)
7786081;NAO EXISTE NA TOOLS
7820687;Chave de roda - "L" - 19 mm - prolongavel - prata - cada (unidade)
7822003;Massa plástica - Iberê - cinza - cada (unidade)
7820980;Tampa buraco do rádio - liso - encaixe - cinza - cada (unidade)
7820982;Tampa buraco do rádio - liso - encaixe - preto - cada (unidade)
7821522;Pasta para lavar a mão - Alternativo - gel desengraxante em gel - Radnaq - 500g - cada (unidade)
7153429;BACKPACK 3 CLASS AUDIO CD(2) 2E - EDITORA PEARSON EDUCATION DO BRASIL LTDA
6069257;Business Goals 1 - BAKER& TAYLOR,INC
7821325;Estojo para triangulo - de napa - cada (unidade)
7159203;LOOK! 2 WB 1E - EDITORA PEARSON EDUCATION DO BRASIL LTDA
5501809;HGC 6 - A IDADE MEDIA
7820485;Estopa - 400g - cada (unidade)
7159201;LOOK! 2 TEST BOOK - EDITORA PEARSON EDUCATION DO BRASIL LTDA
7821327;Terminal de fio - Alternativo - redondo - 1,5mm - externo 9,5mm - interno 5,0mm - cada (unidade)
7824290;Fusível - lâmina - 10 amperes - cada (unidade)
7824291;Fusível - lâmina - 20 âmperes - cada (unidade)
7786101;NAO EXISTE NA TOOLS
7824294;Fusível - lâmina- 7.5 âmperes - cada (unidade)
7822732;Haste da antena do teto - Burg - "UNIVERSAL" - cromada - cada (unidade) - BA0014
7824293;Fusível - lâmina- 25 âmperes - cada (unidade)
7799814;Grampo de cabos - Alternativo - modelo GM - preto - cada (unidade)
7830136;Pastilha de freio - Ecopads - Captiva 3.0 - 2008 em diante - dianteiro - cada (unidade) - ECO-1429
7799815;Grampo de cabos - Alternativo - modelo GM - vermelho - cada (unidade)
7820749;Antena - Alternativo - universal 4 estágios - opcional - preta - cada (unidade)
7085338;BONNIE & CLYDE-A VIDA POR TRAS DA LENDA
7820743;Chave de vela - 21mm - todos exceto Chevette e CHT - cada (unidade)
7786113;NAO EXISTE NA TOOLS
7786114;NAO EXISTE NA TOOLS
7829719;Pastilha de freio - Ecopads - Master - 1.9/2.2 - 16v - 2000 em diante - traseiro - jogo - ECO-1284
7511999;English Pronunciation Made Simple - BAKER& TAYLOR,INC
7783741;NAO EXISTE NA TOOLS
7822051;Manopla do freio de mão - Preta e cromada - sd autoplast - auto adesivo - cada (unidade)
7822740;Haste da antena do teto - Burg - "UNIVERSAL" - preta - cada (unidade) - BA0015
7786117;NAO EXISTE NA TOOLS
7786119;NAO EXISTE NA TOOLS
7822059;Rele auxiliar - Alternativo - 5 terminais - DNI0113 - cada (unidade)
7153385;ANIMALS 1 PYR - EDITORA PEARSON EDUCATION DO BRASIL LTDA
110659535;Série Sustentabilidade (Espaço  Vol. 8)
7796417;Kit relação - Riffel - Honda - CG 150 Titan - KS/ES - 2004 em diante - cada (unidade) - 70766
7820735;Olho de gato - Oval duplo - com moldura preta - colante - cristal (branco) - par
7822057;Rele do farol - Alternativo - milha - cada (unidade)
7820736;Abraçadeira - plástica - 40cm - cada (unidade)
7829502;Mola de suspensão - Aliperti - Doblò EX 1.6 - 16V - Com ar - dianteiro - par - AL-354
7778535;NAO EXISTE NA TOOLS
7783369;NAO EXISTE NA TOOLS
7825973;Filtro de óleo - Fram - Seat Toledo 1.9 CLD Turbo Diesel 1992 até 1995 - cada (unidade) - PH2821C
7820732;Olho de gato - Oval duplo - com moldura preta - colante - vermelho - cada (unidade)
5883474;Silogismos da Amargura - EDITORA ROCCO LTDA.
7822719;Tubo do escape - Grand prix - reta-saida 2,1/4 - polegadas - azul e - cromado - cada (unidade)
7159247;LOOK! 3 TEST BOOK 1E - EDITORA PEARSON EDUCATION DO BRASIL LTDA
7822716;Tubo do escape - Grand prix - reta-saida 2,1/4 - polegadas- preto e - cromado - cada (unidade)
7783960;NAO EXISTE NA TOOLS
7769758;Branca de Neve com 5 Personagens
7159249;LOOK! 3 WB 1E - EDITORA PEARSON EDUCATION DO BRASIL LTDA
7784801;NAO EXISTE NA TOOLS
7822990;Friso colante - Onix - universal de 6 metros - largo 12mm de largura - fumê escuro - cada (unidade)
7784803;NAO EXISTE NA TOOLS
7833036;Tweeter do alto-falante - Selenium - cada (unidade) - ST304
7158665;HEY THERE! 1B EXTRA ACTIVITIES SB PACK CD - EDITORA PEARSON EDUCATION DO BRASIL LTDA
7833037;Adaptador RCA para saida - Stetsom - CD player ST6000 - cada (unidade) - 72105
6668491;Livro - Tecnologias Emergentes - Organização e Educação
7830159;Cabo de vela - Energy - CHEROKEE SPORT 5.2/DODGE RAM - jogo - 2066
7822994;Friso colante - Universal de 5 metros - largo 30mm de largura - cromado - cada (unidade)
7822047;Aplique capa do freio de mão - Azul e cromado - sd autoplast - auto adesivo - cada (unidade)
7820763;Farol de milha - Alternativo - RCD - Quadrado - cada (unidade) - RC 126
7783959;NAO EXISTE NA TOOLS
7783334;NAO EXISTE NA TOOLS
7821604;Ventilador - Alternativo - Sun Great - 12V 6" - cada (unidade)
5683206;Colagemix - Colágeno Hidrolisado - 320G - Orient Mix
7822727;Tubo do escape - Sparta - reta-cromado e vermelho-saida 2 polegadas - cromado - cada (unidade)
7822725;Tubo do escape - Sparta - reta -cromado e cinza - saida 2 polegadas - cromado - cada (unidade)
7822032;Chapinha - grande - cada (unidade)
7784814;NAO EXISTE NA TOOLS
7784813;NAO EXISTE NA TOOLS
7822721;Tubo do escape - Grand prix -reta-saida 2,1/4 -polegadas-vermelho e - cromado - cada (unidade)
110659519;Série Sustentabilidade (Sustentabilidade Dos Oceanos  Vol. 7)
7784810;NAO EXISTE NA TOOLS
7830166;Cabo de vela - Energy - Honda Civic 1.8 16V - até 1997 - jogo - 2055
5360880;Livro - American Headway
7784807;NAO EXISTE NA TOOLS
7783349;NAO EXISTE NA TOOLS
7836800;Tênis Herchcovitch Premium Low Vermelho
7820753;Antena - Alternativo - universal - cromada - cada (unidade)
7829730;Cabo de vela - Energy - Palio/Uno - MPI 8V FIRE - vermelho - jogo - 2904-PERFORMANCE - JOCAR
7778517;NAO EXISTE NA TOOLS
7783949;NAO EXISTE NA TOOLS
7820750;Antena - Alternativo - interna - universal - opcional - cada (unidade)
7833253;Driver para corneta - H-Buster - blade 75W - HDV100 - cada (unidade) - 11821
7827650;Disco de freio - Hipper Freios - PT Cruiser - ventilado - par - HF-725B
6794146;TOP SCORE 1 TB - OUP OXFORD UNIVER PRESS DO BRASIL PUBLIC
7796440;Alarme para motos - Pósitron - Duoblock - PX G5 - Universal - cada (unidade) - 011634000
7820701;Acendedor de cigarros - Alternativo - anel com a luz laranja - cada (unidade)
7824050;Retrovisor interno - Alternativo - panoramico - preto - cada (unidade)
7822095;Manopla do câmbio - Sóparauto - Open Color - preto e cromado - cada (unidade)
7833811;Cabo RCA - Y - 2 machos/1 fêmea - preto - cada (unidade)
7822093;Fita crepe - cada (unidade)
7771335;BLOCOS GRANDES DE MONTAR BARBIE 104 PEÇA
7822098;Manopla do câmbio - Sóparauto - Open Color - azul - cada (unidade)
7159257;LUCKY BREAK EASYSTARTS PACK CD PLPR 2E - EDITORA PEARSON EDUCATION DO BRASIL LTDA
7833816;Cabo RCA - Y - 2 fêmeas/1 macho - cada (unidade)
7783781;NAO EXISTE NA TOOLS
7822090;Manopla do câmbio - Sóparauto - Crome Open - preta - cada (unidade)
6959871;A CASA DO MICKEY MOUSE JOGOS E PASSATEMP
7822986;Friso colante - Universal de 10 metros - largo 7mm de largura - cromado - cada (unidade)
7836640;Tênis UFC Cinza Escuro
7788700;Distribuidor T - Alternativo - modelo universal - pequeno - cada (unidade)
7833271;Conector adaptador para radio - para ford antigo - com 16 vias - cada (unidade)
7770891;ABAJUR PREMIER FUSTÃO ROSA
5856552;NAO EXISTE NA TOOLS
7820529;Apoio de cabeça - Alternativo - linha VW - modelo SKIN - cinza - cada (unidade)
7820524;Kit do apoio de cabeça - Alternativo - universal - cinza - cada (unidade)
7820522;Bomba reservatório de água ou gasolina - partida fria - 2 saida- exceto chevrolet - cada (unidade)
7820520;Chapa de aço para remendo - de 20 - 0,90mm - 100 X 30cm - para pintar - cada (unidade)
7786124;NAO EXISTE NA TOOLS
7809329;Maçaneta externa da porta - Alternativo - Ford Cargo - cada (unidade)
7784232;NAO EXISTE NA TOOLS
7820720;Interruptor liga e desliga - 1 puxada - cada (unidade)
7837395;NAO EXISTE NA TOOLS
6853954;FLASHES URBANOS - SAO PAULO EM 60 MINUTOS - SERVIÇO NACIONAL DE APRENDIZAGEM COM.
7837101;Tênis Reebok Tour LRS
7769323;French Film Noir
7820725;Olho de gato - oval duplo - com moldura preta - colante - âmbar (amarela) - cada (unidade)
7783372;NAO EXISTE NA TOOLS
5929154;Administração, Poder e Ideologia
7820723;Silicone - spray - cada (unidade)
7783370;NAO EXISTE NA TOOLS
7093372;OS SIMBOLOS MISTICOS - 2º ED. - LAROUSSE DO BRASIL PARTICIPAÇÕES LTDA
7820722;NAO EXISTE NA TOOLS
7822074;Fita dupla face - 90 cm por 11mm - estreita - branca - cada (unidade)
7819617;Grampo do para-choque - rebite - cada (unidade)
7822762;Interruptor de emergência - Universal - cada (unidade)
7833264;Adaptador de alto-falante - Alternativo - universal - porta - 6" - cada (unidade)
7820708;Acendedor de cigarros - Alternativo - luz e anel verde - cada (unidade)
7821217;Terminal de encaixe - Alternativo - redondo - 10,0mm - externo 18mm - interno 11mm - cada (unid...
7821218;Lixa - disco para lixadeira (Norton) N-16 - preta - cada (unidade)
7821215;Aplique da soleira - Autopoli - acabamento em aço inox escovado - porta dianteira - par - AP116
7821213;Aplique do tapete - Autopoli - Acabamento em aço inox escovado - prata - par - AP115
5921920;Livro - Direitos Humanos na Pós-Modernidade, Os 
6853946;ENTRETENIMENTO - UMA CRITICA ABERTA SPF 15 - SERVIÇO NACIONAL DE APRENDIZAGEM COM.
316175;Patinete Elétrico Speed Way - Moviment
7783385;NAO EXISTE NA TOOLS
7820711;Acendedor de cigarros - Alternativo - anel com luz vermelho - cada (unidade)
7784486;NAO EXISTE NA TOOLS
5966856;Livro - Ciência Cabalística, A
7837330;NAO EXISTE NA TOOLS
6824740;CHALLENGES 4 TB & TEST MASTER CD ROM - EDITORA PEARSON EDUCATION DO BRASIL LTDA
6824742;CHALLENGES 4 TEACHER´S HANDBOOK - EDITORA PEARSON EDUCATION DO BRASIL LTDA
7824431;Abraçadeira - metalica - rosca sem fim 19/27 - cada (unidade)
7821224;Chicote do rádio - Alternativo - 16 vias - modelo universal - cada (unidade)
6794304;BEING EARNEST (OBW PLAY 2) 2ED - OUP OXFORD UNIVER PRESS DO BRASIL PUBLIC
7824210;Esponja - Goodyear - esponja em microfibra - cada (unidade) - VCE153
7821228;Terminal de fio - Alternativo - redondo - 1,5mm - externo 11,9mm - interno 6,5mm - cada (unidade)
7823198;Cinto de segurança - estático Belt Car - modelo abdominal universal de 2 pontas - preto - traseir...
7823381;Controle para alarme - Pósitron - Positron - PX42 - preto - cada (unidade) - PSTO11192000
7784491;NAO EXISTE NA TOOLS
7784493;NAO EXISTE NA TOOLS
7824223;Lâmpada - Alternativo - importado - um polo - âmbar (amarela) - cada (unidade) - 70770
7784499;NAO EXISTE NA TOOLS
6074459;Consider the Issues - BAKER& TAYLOR,INC
6824732;Livro - Challenges 3 Teacher's Handbook
7784698;NAO EXISTE NA TOOLS
7784697;NAO EXISTE NA TOOLS
6824730;Livro - Challenges 3 - TB
7785069;NAO EXISTE NA TOOLS
6824736;CHALLENGES 3/4 VIDEO RESOURCE - EDITORA PEARSON EDUCATION DO BRASIL LTDA
7837328;NAO EXISTE NA TOOLS
7784870;NAO EXISTE NA TOOLS
7159297;MARKET LEADER ELEM CB W/SELF STUDY CD ROM NE - EDITORA PEARSON EDUCATION DO BRASIL LTDA
6824738;CHALLENGES 4 CLASS AUD CD - EDITORA PEARSON EDUCATION DO BRASIL LTDA
7784876;NAO EXISTE NA TOOLS
7823181;Massa plástica - Maxi Rubber ultra light - 495g - cada (unidade)
7821817;Macaco - Sanfona - cada (unidade)
7824418;Abraçadeira plástica - rosca sem fim - cada (unidade)
7822792;NAO EXISTE NA TOOLS
5977440;Livro - Almanaque de Corruptos, Ditadores e Tiranos Nojentos 
7834161;Arruela - 8 mm - cada (unidade)
7834162;Arruela - 10 mm - cada (unidade)
7834160;Arruela - 5 mm - cada (unidade)
7824417;Abraçadeira - metalica - rosca sem fim 12/16 - cada (unidade)
7286425;livro - Homem que Mudou o Céu, O
6824720;CHALLENGES 2 CLASS AUD CD - EDITORA PEARSON EDUCATION DO BRASIL LTDA
6824722;CHALLENGES 2 TB & TEST MASTER CD ROM - EDITORA PEARSON EDUCATION DO BRASIL LTDA
7823174;Luminoso Táxi - pequeno com imã - branco - cada (unidade)
7822798;Coifa da alavanca do freio de mão - universal - couro grafite - cada (unidade)
7822797;NAO EXISTE NA TOOLS
7823376;Óleo do motor - Havoline - SAE 20W/50 SJ - cada (unidade)
7834169;Arruela - 13 mm - cada (unidade)
7784885;NAO EXISTE NA TOOLS
7834152;Porca sextavada - 14MM - cada (unidade)
7834153;Arruela - 6 mm - cada (unidade)
7821807;Trava de segurança - prende no pedal e no volante - cada (unidade)
7784475;NAO EXISTE NA TOOLS
7824046;Olho de gato - duplo - colante - âmbar (amarelo) - par
7834150;Arruela - 4 mm - cada (unidade)
7824043;Brake-light - Alternativo - com 24 leds - UNIVERSAL - cada (unidade)
7824423;Abraçadeira - metalica - rosca sem fim - cada (unidade)
7784477;NAO EXISTE NA TOOLS
7784479;NAO EXISTE NA TOOLS
7837340;NAO EXISTE NA TOOLS
6824714;CHALLENGES 1 TEACHER´S HANDBOOK - EDITORA PEARSON EDUCATION DO BRASIL LTDA
7784891;NAO EXISTE NA TOOLS
6824712;CHALLENGES 1 TB & TEST MASTER CD ROM - EDITORA PEARSON EDUCATION DO BRASIL LTDA
5875432;Miséria da Biblioteca Escolar - CORTEZ EDITORA E LIVRARIA
7823164;Luminoso Táxi - pequeno fixo - branco - cada (unidade)
6824718;CHALLENGES 1/2 VIDEO RESOURCE - EDITORA PEARSON EDUCATION DO BRASIL LTDA
7783979;NAO EXISTE NA TOOLS
7822299;Buzina - Alternativo - para motos - (75 mm) - cada (unidade)
7824256;Kit para encerar - Goodyear - kit para aplicação de cera - em microfibra - cada (unidade) - VCE137
7824255;Luva para lavar carro - Goodyear - super clean - cada (unidade) - VCE140
7823152;Tinta spray - cinza grafite - cada (unidade)
7658937;New Uses for Obsolete Building
7823155;Tinta spray - colorgin decor 350ml preto fosco - cada (unidade)
7821268;Rele do farol - Alternativo - 12V duplo - universal - cod-IM11401 - cada (unidade)
7821269;Porta fusível - Alternativo - lâmina - fio 1,50MM - cada (unidade)
5935750;Mesmo e o Não Mesmo, O - FUNDAÇÃO EDITORA DA UNESP
7821273;Lixa - disco para lixadeira (Norton) N-24 - preta - cada (unidade)
7823148;Coifa da alavanca de câmbio - Alternativo - universal - preta - cada (unidade)
7834171;Alto-falante - Bomber - bomber triaxial 6" 50 New Edg - rebaixado com tela - par - 1.16.227
7834175;Alto-falante - Bomber - bomber triaxial 6" 50 New Edg - rebaixado sem tela - par - 1.16.226
113546780;Tenis Tbl Ek Boat Canvas M
7824265;Aditivo do óleo do motor - Wynn's - Wynn's Supreme + Plus - 325 ML - cada (unidade) - 42020233
7823140;Protetor do cinto de segurança - Alternativo - Sóparauto - rosa - par
7824263;Toalha - Goodyear - pano para limpeza - kit com 3 peças - cada (unidade) - VCE329
6071953;Workshop - BAKER& TAYLOR,INC
7823143;Coifa da alavanca do freio de mão - Alternativo - universal - rosa - cada (unidade)
7823141;Lâmpada - Lampa - um polo - par - C-B0202S-PW21
7823142;Lâmpada - Lampa - 67 10W - par - C-B0200S-R10W
7786831;NAO EXISTE NA TOOLS
5604475;Whey Advanced Protein Powder 100% Pura Whey - 900G - Midwaylabs
5869962;Discurso de Metafísica - IMPORTADO - DISTRIBUIDORA LOYOLA DE LIVROS LTDA
7784837;NAO EXISTE NA TOOLS
7823133;Lâmpada - Lampa - 2 polos - pinos em alturas diferentes - par - C-B0204S-P21/5w
7824277;Mangueira de combustível - lonada - grossa - 8mm - metro
7824276;Mangueira de combustível - lonada - fina - 6mm - metro
7769795;Avental Colorido para Crianças fazerem Arte
5604479;Whey Advanced Protein Powder 100% Pura Whey - 900G - Midwaylabs
7821843;Triângulo - Silo Lanternas - com base mais pesada - cada (unidade) - 181800
6938325;SMART CHOICE 1A SB W MULTIROM - OUP OXFORD UNIVER PRESS DO BRASIL PUBLIC
7822287;Grafite - com aplicador - cada (unidade)
7158229;FIRST CERTIFICATE TESTS PLUS  W/TST CD ROM/KEY - EDITORA PEARSON EDUCATION DO BRASIL LTDA
6940793;THIS IS BRITAIN 1 AB - OUP OXFORD UNIVER PRESS DO BRASIL PUBLIC
7824002;Moldura da placa - Alternativo - pequena - cromada sem olho de gato - par
7824000;Moldura da placa - Alternativo - padrão- s/ olho de gato-placa dianteira e traseira - cromada - par
7824006;Moldura da placa - Alternativo - pequena-c/ olho de gato-placa dianteira e traseira - preta - par
7837966;NAO EXISTE NA TOOLS
7824283;Fusível - lâmina - 15 âmperes - cada (unidade)
7824005;Moldura da placa - Alternativo - pequena - c/ olho de gato - cromada - par
7817409;Lanterna do pára-lama - Alternativo - cristal (branca) - cada (unidade)
6939339;NATURAL ENGLISH UPPER-INTERM PUZZLE BK - OUP OXFORD UNIVER PRESS DO BRASIL PUBLIC
7824003;Moldura da placa - Alternativo - pequena - s/ olho de gato - preta - par
7817406;Lanterna do pára-lama - Alternativo - Amarela - Alfa Romeo - cada (unidade)
7783994;NAO EXISTE NA TOOLS
7929452;Smartphone Samsung Galaxy S3 Mini I8200 Desbloqueado Branco
7823619;Moldura da placa - Alternativo - padrão -s/ olho de gato-placa dianteira e traseira - preta - par
7823610;Olho de gato - duplo - encaixe - âmbar (amarelo) - par
7785871;NAO EXISTE NA TOOLS
7839842;Plafon Sienna Led 110V
7822362;Calota aro 13 - elitte passat cc silver - cubo alto - prata - cada (unidade)
7822361;Calota aro 13 - elitte passat cc sport - cubo alto - cada (unidade)
7823613;Olho de gato - duplo - encaixe - vermelho - par
7822367;Calota aro 13 - elitte passat cc chrome preta - cubo alto - cada (unidade)
7153745;CUTTING EDGE ADV WB NO KEY - EDITORA PEARSON EDUCATION DO BRASIL LTDA
7823025;Controle para alarme - Pósitron - PX44 - PR 2009 - preto e prata - cada (unidade) - PX44
7821882;Mangueira esguicho para-brisa - metro - cada (unidade)
7822365;Calota aro 13 - elitte passat cc chrome preta - cubo baixo - cada (unidade)
7823027;Controle para alarme - Pósitron - DP45 - vermelho e preto - cada (unidade) - DP45
7158931;JAWS 2 PACK CD PLPR 2E - EDITORA PEARSON EDUCATION DO BRASIL LTDA
7823811;Elástico do bagageiro - Alternativo - extensor - 1,5 metro - cada (unidade)
7823814;Trava de segurança - com chave - alavanca do freio de mão e câmbio - cada (unidade)
7823815;Espelho olho de boi - 52mm de diâmetro - cada (unidade)
7821493;Adaptador da máquina de vidro - para adaptar o motor Mabuchi em maquinas M.Carto - jogo
7821492;Olho de gato - Alternativo - cromado e amarelo - duplo - auto-colante - PC-19 - cada (unidade)
7821491;Olho de gato - Oval duplo - com moldura cromada - colante - vermelho - cada (unidade)
7821485;Olho de gato - Alternativo - vermelho e branco- duplo - auto-colante - P-003 - cada (unidade)
7823410;Óleo do motor - Wynn's - SAE 5W / 30 API SM - 1 Litro - cada (unidade) - 41121634
7821487;Olho de gato - Oval duplo com moldura cromada - auto colante - cristal (branco) - par
7821489;Olho de gato - Oval duplo-branco/vermelho-c/mold. preta-colante - cada (unidade)
7823418;Placa - "VENDE-SE" - para automóveis - cada (unidade)
5975766;Language to Go: Pre-Intermediate: Students´ Book - - EDITORA PEARSON EDUCATION DO BRASIL LTDA
7822358;Calota aro 13 - elitte passat cc sport - cubo baixo - cada (unidade)
7832539;Conector adaptador para radio - macho - com 16 vias - cada (unidade)
7823800;Broca aço rápido - 5/32 - cada (unidade)
6960414;Livro  - Querido Diário Otário: Nunca Subestime a sua Idiotice Vol.  7
7823801;Apoio de cabeça - SKIN - modelo VW - preto - cada (unidade)
7821895;Carregador de bateria - cada (unidade)
7822359;Calota aro 13 - elitte passat cc silver - cubo baixo - prata - cada (unidade)
5840750;Livro - Duas Tragédias Gregas: Hécuba e Troianas
7823802;Broca aço rápido - 9/64 - cada (unidade)
6823303;Livro - Market Leader - Pre-intermediate
7785270;NAO EXISTE NA TOOLS
7821481;Olho de gato - Alternativo - Oval duplo - amarelo e branco -auto-colante-05.017 - cada (unidade)
7823809;Retrovisor externo - Alternativo - UNIVERSAL - fixo (sem controle) - cada (unidade)
7821483;Olho de gato - Alternativo - vermelho e amarelo - duplo - auto-colante - P-002 - cada (unidade)
7821479;Protetor da porta - Adesivo - vermelho - par
7821475;Protetor da porta - Alternativo - Autopoli - Adesivo de proteção - prata - par - AP122
5982625;ESTUDO DE CASOS PARA SELECAO E TREINAMENTO DE REC
6823135;BUSINESS ENGLISH PAIR WORK 2 - EDITORA PEARSON EDUCATION DO BRASIL LTDA
7153777;DARLING BUDS OF MAY 3 PACK CD PLPR 1E - EDITORA PEARSON EDUCATION DO BRASIL LTDA
7153771;DANGEROUS GAME 3 PACK CD PLPR 2E - EDITORA PEARSON EDUCATION DO BRASIL LTDA
7821865;Soquete do farol - Alternativo - H7 - com fio - modelo universal - cada (unidade)
5341844;Livro - O Pulo do Gato
7823226;Acendedor de cigarros - Alternativo - luz e anel azul - cada (unidade)
7823223;Moldura para central multimídia - universal 2 din - cod:AP551 - preta - cada (unidade)
7821867;Bateria - Lithium p/alarme 3v - CR2025 - 1700300200 - cada (unidade)
5604028;Maciste Vit Overall 2600 - 450G - Midway
7822579;Controle para alarme - Pósitron - PX40 - cada (unidade) - 010363008
7823622;Fita dupla face - Autopoli - Para fixar o retrovisor interno - cada (unidade) - AP069
7823621;Lixa - de ferro (Norton) N-60 - preta - cada (unidade)
7838012;NAO EXISTE NA TOOLS
7822576;Chave de roda - "L" - 17 mm - com espatula - prata - cada (unidade)
7823439;Sealed bean - Alternativo - sem furo - cada (unidade)
7823019;Calota aro 13 - Alternativo - Norfol - Universal Onix - GM/Fiat - prata - cada (unidade) - NA 7439G
7821873;Brake-light - com 12 leds vermelhos - 19,5cm - auto-adesivo - cada (unidade)
7823820;Faixa adesiva - 10 metros - faixa paralelas - âmbar (amarelo) - cada (unidade)
7821872;Soquete da lanterna do farol - Alternativo - para lâmpada esmagada grande - cada (unidade)
7785495;NAO EXISTE NA TOOLS
6065967;English for Int´L Tourism Coursebook -Interm - BAKER& TAYLOR,INC
6009262;Prelúdio da Cachaça - Renato
7823062;Fusível - lâmina - 30 âmperes - cada (unidade)
7823067;Cabo para trancar estepe e motos - com chave multiponto - 1500mm - fumê - cada (unidade)
6825348;BUTTONS 3 PICTURE CARDS - EDITORA PEARSON EDUCATION DO BRASIL LTDA
6825342;BUTTONS 2 TB - EDITORA PEARSON EDUCATION DO BRASIL LTDA
5480624;ENGENHARIA DAS REAÇÕES QUÍMICAS
7823441;Limpa pneu - gel - Gitanes 300ml - cada (unidade)
7833422;Alto-falante - H-Buster - Quadriaxial - 6" - 60 W - par - QB6048B
110659391;Série Sustentabilidade (População E Ambiente: Desafios À Sustentabilidade  Vol. 1)
7823071;Tapete tuning - importado - universal - preto - jogo
7784503;NAO EXISTE NA TOOLS
7823075;Tapete tuning - importado - universal - rosa - jogo
6910873;MEU NOME E WILL-SEXO,DROGAS E SHAKESPEARE
7823456;Feltro - sem massa - sem betume - 1 metro quadrado - metro
7823453;Interruptor liga e desliga - Alternativo - 3 estágios - cada (unidade)
7787817;NAO EXISTE NA TOOLS
6939503;NATURAL ENGLISH PRE-INTERM WB W KEY - OUP OXFORD UNIVER PRESS DO BRASIL PUBLIC
7823849;Luminoso Táxi - grande - branco - movel com 2 imãs - cada (unidade)
7785649;"Caixa 13"" x 6"" Odery Eyedentity DB Fade" - PlayTech
7823846;Luminoso Táxi - grande - preto - movel com 2 imãs - cada (unidade)
5891054;Estudo Panorâmico da Bíblia - CID ENTERTAINMENT LTDA
6825350;BUTTONS 3 TB - EDITORA PEARSON EDUCATION DO BRASIL LTDA
7822594;Tapete tuning - importado - universal de borracha - branco - jogo
5968623;Hip Hip Hooray!: Activity book with Audio CD - 1 - - EDITORA PEARSON EDUCATION DO BRASIL LTDA
7784795;NAO EXISTE NA TOOLS
7785269;NAO EXISTE NA TOOLS
7785264;NAO EXISTE NA TOOLS
6031056;Market Leader: Elementary Business English - Teach - EDITORA PEARSON EDUCATION DO BRASIL LTDA
6022583;An Ideal Husband: Pack CD - Importado - EDITORA PEARSON EDUCATION DO BRASIL LTDA
7823878;Chave de roda - T - prolongavel - com boca sextavada de 17 e 19 mm - cromada - cada (unidade)
110412575;Lições Para A Vida
7822344;Óleo do motor - Wynn's - SAE 20W / 50 API SJ - 1 Litro - cada (unidade) - 41121434
7833403;Porca da roda - anti-furto - GM - 4 peças - cromada - jogo
7785258;NAO EXISTE NA TOOLS
7784782;NAO EXISTE NA TOOLS
7347112;TENIS TIMBERLAND GORGE C2 - CZA+PTO - 38
7785099;NAO EXISTE NA TOOLS
6073621;English for Int´L Tourism Coursebook -Upper Interm - BAKER& TAYLOR,INC
7785251;NAO EXISTE NA TOOLS
6825336;BUTTONS 2 AUD CD - EDITORA PEARSON EDUCATION DO BRASIL LTDA
7784786;NAO EXISTE NA TOOLS
7833416;Tweeter do alto-falante - Selenium - cada (unidade) - ST400.
6825334;BUTTONS 1 TB - EDITORA PEARSON EDUCATION DO BRASIL LTDA
7822339;Óleo do motor - Wynn's - SAE 20W / 50 API SL - 1 Litro - cada (unidade) - 41121334
5891418;Pastor Como Conselheiro, O - CID ENTERTAINMENT LTDA
7832557;Disco de freio - Nakata - Vectra 2.0/2.2 - ventilado - traseiro - par - NKF-6091
7832554;Disco de freio - Nakata - Vectra aro 15 - ventilado - traseiro - par - NKF-6085
7785091;NAO EXISTE NA TOOLS
7785660;NAO EXISTE NA TOOLS
7785094;NAO EXISTE NA TOOLS
7822923;Cola - Loctite - junta motor - 55gr - alta performance - cada (unidade) - 0284472-5920
7823896;Massa de polir - Alternativo - Autocolor ACS N2 1/4 - cada (unidade)
7822924;Cola - Loctite - trava prisioneiros - 10gr - alta resistência - cada (unidade) - 0284485-277
7823893;Manopla do câmbio - Alternativo - Sóparauto - manopla T - cromada - cada (unidade)
7822925;Cola - Loctite - junta motor - 70gr - preta - cada (unidade) - 0284468-598
7834445;Limpador do para-brisa - Dyna - MB SÉRIE L - VW CAMINHÕES 600MM - cada (unidade) - 172-24"
7822926;Cola - Loctite - junta motor - 70gr - branca - cada (unidade) - 0284476-5699
6823783;CAE EXPERT  NE SB RES BK WITH KEY/CD PK - EDITORA PEARSON EDUCATION DO BRASIL LTDA
7823898;Moldura da placa - padrão - c/ olho de gato - preta - par
7821693;Tinta spray - fosco - preto - cada (unidade)
7789098;Distribuidor T - Alternativo - modelo universal - grande - cada (unidade)
7828845;Pastilha de freio - Ecopads - Taurus 1993 em diante - dianteiro - jogo - ECO-1235
5943432;Cutting Edge Upper Intermediate: Students´ Book wi - EDITORA PEARSON EDUCATION DO BRASIL LTDA
7820557;Bomba reservatório de água ou gasolina - 2 saídas - modelo chevrolet - cada (unidade)
6775411;JOGADOR UM - Editora 34 Ltda.
7820556;Soquete do capô - Alternativo - modelo universal - cada (unidade)
7820554;Soquete da lanterna dianteira - Alternativo - 2 polos - modelo universal - cada (unidade)
7786175;NAO EXISTE NA TOOLS
7820553;Dobradiça da portinhola - Alternativo - universal - preta - cada (unidade)
5599473;Agar Agar - 60 Cápsulas - Orient Mix
7822911;Bandeja da bateria - Alternativo - plástico - cada (unidade)
7834437;Limpador do para-brisa - Dyna - IVECO EUROCARGO - VOLVO - 650MM - cada (unidade) - 162-26"
7823886;Lixa - de ferro (Norton) N-100 - preta - cada (unidade)
7840714;Pendente Cristais Translúcido Redondo
7823889;Manopla do câmbio - manopla T - emblema turbo - preto - cada (unidade)
7321837;TENIS PUMA AVILES 2 W - BCO/VERM - 38
6994733;MATEMATICA FINANCEIRA - PRATICANDO E APLICANDO 1º
7771245;MESA C/LOUSA DO PEQUENO ARTISTA
7820561;Interruptor trava e destrava a porta - Alternativo - universal - cada (unidade)
6823797;CAE PRACTICE TESTS  WITH TST CD ROM/KEY - EDITORA PEARSON EDUCATION DO BRASIL LTDA
7822303;Manopla do câmbio - Sóparauto - Crome Open - amarela - cada (unidade)
7785423;NAO EXISTE NA TOOLS
110659375;Previsão E Controle Das Fundações
7822946;Soquete da lanterna do farol - Alternativo - modelo universal - cada (unidade)
7771057;BABY SLING MARINHO
7822307;Manopla do câmbio - Sóparauto - Open Color - amarela - cada (unidade)
7823081;Tampa buraco do rádio - liso - fixado com parafuso - preto - cada (unidade)
7833161;Cabo para alto-falante - Focal - 4mm - rolo com 12 metros - cada (unidade) - R 1118 ES4
7822504;Lâmpada - LONGA-43MM-LED BRAN.6000 - cada (unidade)
7822506;Lâmpada - CURTA-38MM-LED BRAN.6000 - cada (unidade)
7820536;Apoio de cabeça - Skin - modelo tipo - cinza - cada (unidade)
7822507;Lâmpada - 1 polo - Led - vermelho - par
110659578;Série Sustentabilidade (Energia Nuclear E Sustentabilidade  Vol. 10)
7820533;Protetor do para-choque - Alternativo - universal - cola - 3 metros - preto - cada (unidade)
7785419;NAO EXISTE NA TOOLS
6673268;COLECAO HISTORIAS DO COCORICO-O PIQUENIQUE
6771212;NOCAO DE TEMPO NA CRIANCA,A - EDITORA RCB LTDA
7822109;Terminal de fio - com furo - 8MM - cada (unidade)
7822934;Cola - Loctite - junta motor - 55gr - alta temperatura - cada (unidade) - 0581034
6822919;CRANE'S GIFT, THE 4 PYR - EDITORA PEARSON EDUCATION DO BRASIL LTDA
6822917;COLORS 1 PYR - EDITORA PEARSON EDUCATION DO BRASIL LTDA
7822105;Óculos - p/ funileiro - cada (unidade)
6073461;Livro - Longman Preparation Course for the Toefl Test 
5330374;FRANKENSTEIN ( P.R.3)
6822913;CINDERELLA 2 PYR - EDITORA PEARSON EDUCATION DO BRASIL LTDA
7822100;Manopla do câmbio - Sóparauto - Open Color - vermelho e cromado - cada (unidade)
7820547;Dobradiça da portinhola - Alternativo - universal - cromada - cada (unidade)
7820546;Protetor do para-choque - Alternativo - universal - acabamento - cola - preto - cada (unidade)
7820549;NAO EXISTE NA TOOLS
7832593;Subwoofer - 12" Bomber bicho Papão 550W D40HMS D2 - cada (unidade)
7820545;Soquete do farol - Alternativo - com fio - modelo universal - cada (unidade)
5434641;Livro - Pesquisa Qualitativa e Subjetividade 
6823153;ENGLISH FOR INTER TOURISM PRE INTERM TB - EDITORA PEARSON EDUCATION DO BRASIL LTDA
7785449;NAO EXISTE NA TOOLS
7820792;Base da lente do retrovisor - Alternativo - redonda - com controle - moderno - cada (unidade)
6941785;AMERICAN CRIME STORIES (OBW LIB 6) 3ED CD PACK - OUP OXFORD UNIVER PRESS DO BRASIL PUBLIC
6613464;Super Vit Smilax - 400Ml - Midwaylabs
5965062;A ODISSEIA DA VIDA
7820798;Cinta para rack - Equipage - 2,5 metros - cada (unidade) - 07012510
5890120;ADORACAO COM PROPOSITOS
7159313;MARKET LEADER PRE INTER TB AND TST MST CD ROM NE - EDITORA PEARSON EDUCATION DO BRASIL LTDA
7822523;Capa para motociclista - Maxine - Extra/Grande - S/sapatilha - preta - cada (unidade) - 0609
7822522;NAO EXISTE NA TOOLS
7820790;Buzina - importado - modelo Paquerinha - par - 701185
7822524;Fita isolante - rolo com 5 metros - cada (unidade)
7159315;MARKET LEADER PRE INTERM CLASS AUD CD (2) NE - EDITORA PEARSON EDUCATION DO BRASIL LTDA
7828878;Pastilha de freio - Ecopads - Taurus 1993 em diante - traseiro - jogo - ECO-1336
7822125;Brake-light - Alternativo - 10 leds - universal auto colante - azul - cada (unidade)
7821641;Esguicho de água do para-brisa - Alternativo - adaptação com led verde - preto - par
7153311;ACTIVATE! A2 WB W/KEY - EDITORA PEARSON EDUCATION DO BRASIL LTDA
7822123;Tapete tuning - importado - universal - azul - jogo
6823145;ENGLISH FOR INTER TOURISM INTERMEDIATE TB - EDITORA PEARSON EDUCATION DO BRASIL LTDA
7840396;Pendente Stanley Preto
7821647;Esguicho de água do para-brisa - Alternativo - com led azul - cromado - par
7771417;PROTETOR DE BERÇO
7840191;Spot Krom 1 Lâmpada
7822513;Capa para motociclista - Maxine - Preta - sem sapatilha - média - cada (unidade) - 0606
7822512;Capa para motociclista - Maxine - Preta - sem sapatilha - Pequena - cada (unidade) - 0605
6823147;ENGLISH FOR INTER TOURISM INTERMEDIATE WB - EDITORA PEARSON EDUCATION DO BRASIL LTDA
7821440;Olho de gato - Alternativo - simples - encaixe - vermelho - cada (unidade)
7822120;Chave de roda - "L" - 21 mm - com espatula - prata - cada (unidade)
7552578;Jogo da Memória de Animais
7821631;Esguicho de água do para-brisa - Alternativo - adaptação com led vermelho - preto - par
5897418;Nova Fábrica de Consensos, A - CORTEZ EDITORA E LIVRARIA
7836573;Tênis Olympikus Strong Chumbo/Preto
7822139;Antena do teto - Alternativo - auto adesiva traseira- decorativa-iluminada verde - cada (unidade)
110659332;Operação De Caldeiras: Gerenciamento, Controle E Manutenção
7827488;Disco de freio - Hipper Freios - Corolla 1.3 - 1987 até 1989 - sólido - par - HF-517
7820779;Base da lente do retrovisor - Alternativo - redonda - sem controle - cada (unidade)
7823672;Bomba reservatório de água ou gasolina - universal - para água e combustíveis - cada (unidade)
7823671;Bomba reservatório de água ou gasolina - modelo Ford - cada (unidade)
7840748;Plafon Cecília
7821637;Aplique capa do freio de mão - vermelha e cromada - sd autoplast - auto adesivo - cada (unidade)
7822546;Chave de roda - cruz - 17 x 19 x 21 x 23 MM - importada - prata - cada (unidade)
7821437;Olho de gato - Alternativo - simples - encaixe - âmbar (amarelo) - cada (unidade)
7821434;Olho de gato - duplo - colante - vermelho - par
7778572;NAO EXISTE NA TOOLS
7822132;Tapete tuning - importado - universal - vermelho - jogo
5408667;ESTRATEGIAS PARA EVENTOS - SERIE TURISMO
6030646;Inteligência nos Negócios:Como Usar a Inteligência - NOVO SECULO LIVRARIA E EDITORA LTDA
7153529;BIRDS, THE 2 PACK CD PLPR 2E - EDITORA PEARSON EDUCATION DO BRASIL LTDA
7820788;Base da lente do retrovisor - Alternativo - externo com pino - cada (unidade)
6613458;L-Glutamine Powder 100G - Midwaylabs
7785459;NAO EXISTE NA TOOLS
7785456;NAO EXISTE NA TOOLS
7822535;Manopla do freio de mão - Lotse - Tesla - cromada com acabamento azul - cada (unidade) - TSF-AZ
7823668;Feltro - Alternativo - anti-ruido c/ pintura de betume- 1 metro quadrado - preto - metro
7822533;Manopla do freio de mão - Alternativo - Lotse - Tesla - cinza - cada (unidade) - TSF-CZ
7822141;Fita isolante - rolo com 10 metros - preta - cada (unidade)
7821421;Celuloide para aplicar massa - plástica (espátula) - cada (unidade)
6941369;MARY. QUEEN OF SCOTS (OBW LIB 1) 3ED - OUP OXFORD UNIVER PRESS DO BRASIL PUBLIC
7820608;Porta CD - p/ quebra sol - preso c/ elástico - preto - cada (unidade)
7820604;Motor da máquina de vidro - universal - mabushi adap Mcarto - lado do motorista - cada (unidade)
6609117;BONE NIKE FEATHER LIGHT W - BRANCO+PRETO - UNICO
5789427;NAO EXISTE NA TOOLS
7819726;Letreiro - Alternativo - Marçom - "VVT-I" - Corolla - 2003 até 2008 - cada (unidade) - 10916
7107267;FUNDACAO - COL. CLASSICOS DE ISAAC ASIMOV - SOLLUS DISTRIBUIDORA DE LIVROS LTDA
5477216;NAO EXISTE NA TOOLS
7822871;Soquete do farol - Alternativo - sem fio - encaixe de pressão - cada (unidade)
6941995;Livro - Grammar: Level 2 Answer Book and Audio CD Pack
7786219;NAO EXISTE NA TOOLS
7822150;Fita isolante - rolo com 20 metros - preta - cada (unidade)
7822609;Porta copo - Sóparauto com aro cromado - cod: 5525 - preto - cada (unidade)
7159151;LITTLE WOMEN 1 ACTIVE READING CDROM PK - EDITORA PEARSON EDUCATION DO BRASIL LTDA
7822606;Friso colante - Universal de 15 metros - largo 10mm de largura - cromado - cada (unidade)
7833103;Subwoofer - Sturdy - 12" 150 RMS - SB1215 - cada (unidade) - 721084
113545550;Bota Tbl Piper Trail L/F Wtpf M
7822157;Olho de gato - Alternativo - simples - colante - âmbar (amarelo) - par
7833106;Subwoofer - Sturdy - 12" 250W RMS - SB1225 - cada (unidade) - 721087
5953877;Energy: Workbook 3 - Importado - EDITORA PEARSON EDUCATION DO BRASIL LTDA
7822181;Lâmpada - Autopoli - esmagada pequena - led azul - par - AP722
6621409;SER MAE E SORRIR EM PARAFUSO
7822183;Arame de solda - Alternativo - cobreado fino - 1 kg - cada (unidade)
7822184;Lâmpada - Autopoli - esmagada pequena - led verde - par - AP723
7822613;Friso colante - Universal de 25 metros - largo 7mm de largura - cromado - cada (unidade)
7822890;Cola de para-brisa - Qualita/MRDC - 2 Horas - cada (unidade)
7058552;CAMISETA NIKE FAN BUTTONS - ROXO+ROSA - M
7822617;Friso colante - Universal de 10 metros - largo 20mm de largura - cromado - cada (unidade)
7058557;NAO EXISTE NA TOOLS
7822619;Porta copo - espiral- 5528 - fixado na gradinha de ar no painel - preto - cada (unidade)
7058559;NAO EXISTE NA TOOLS
7822618;Manopla do freio de mão - Sóparauto - alion tuning - rosa - cada (unidade)
7552590;NAO EXISTE NA TOOLS
6939483;NATURAL ENGLISH ELEMENTARY SB - OUP OXFORD UNIVER PRESS DO BRASIL PUBLIC
7821701;Suporte da placa - Alternativo - Suportinho Boy - jogo
7820862;Manopla do câmbio - Transparente - azul - ver descrição detalhada - cada (unidade)
6821746;CUTTING EDGE ELEMENTARY TB - EDITORA PEARSON EDUCATION DO BRASIL LTDA
7820865;Limpador - de contato - cada (unidade)
7785105;NAO EXISTE NA TOOLS
7822627;Capa para válvula da roda - universal Sport - em aluminio - cod:MYAVC06SI - prata - jogo
7785102;NAO EXISTE NA TOOLS
7822625;Bomba para retirar combustível - gasolina/álcool/líquidos - cada (unidade)
7836314;Skateboard Roda Preta Comics Azul
7821717;Reservatório de partida fria - Marvini - Universal - pequeno - cada (unidade) - M-021p
114254279;Mochila Bonne Underhanded Graf
7783240;"Caixa 14"" x 5,5"" Pearl VB 1455 C Cromado" - PlayTech
7820857;Letreiro - "Cristo Salva" - auto colante - cromado - cada (unidade)
7834789;MOBILE MUSICAL MULTICOLOR - Bebê Store
110659412;Série Sustentabilidade (Segurança E Alimento  Vol. 2)
7822637;NAO EXISTE NA TOOLS
7822632;NAO EXISTE NA TOOLS
7784918;NAO EXISTE NA TOOLS
7822633;NAO EXISTE NA TOOLS
7784919;NAO EXISTE NA TOOLS
5994341;Tratamento da Dor - EDITORA GUANABARA KOOGAN SA
7784916;NAO EXISTE NA TOOLS
7824195;Capa do volante - Goodyear - 37X39 - universal - preta e vermelha - cada (unidade) - SWC128VERMELHA
5875804;Servicio Social Critico: Hacia la Construcción del - CORTEZ EDITORA E LIVRARIA
7833155;Cabo para alto-falante - Focal - 2,5mm - rolo com 12 metros - cada (unidade) - R 1117 ES 25
5929314;Política para Meu Filho - EDITORA PLANETA DO BRASIL LTDA.
7806450;Para-choque dianteiro - Alternativo - Celta 2007 até 2011 - cinza - cada (unidade) - JOCAR
7784923;NAO EXISTE NA TOOLS
7824197;Capa do volante - Goodyear - 37X39 - universal - preta - cada (unidade) - SWC128PRETO
7824198;Elástico do bagageiro - Goodyear - com gancho 60cm - cada (unidade) - BC110
6986987;DICIONARIO DOS ESTILOS ARQUITETONICOS-2ªEDICAO
7769633;NAO EXISTE NA TOOLS
5956581;Tudo Acaba em Festa - SUMMUS EDITORIAL LTDA
7769634;Luva de Musculação Classic c/ Munhequeira PP - Abe
7769635;NAO EXISTE NA TOOLS
7824190;Capa do volante - Goodyear - 37X39 - universal - preta e cinza - cada (unidade) - SWC128CINZA
7085242;BIBLIA NVI DEVOCIONAL DA MULHER-CP VERMELHO C/PERO - EDITORA VIDA LTDA
7822190;Bucha da máquina de vidro - Alternativo - M.Carto para Mabuchi - cada (unidade)
7769841;NAO EXISTE NA TOOLS
7769843;NAO EXISTE NA TOOLS
7769849;NAO EXISTE NA TOOLS
7822643;Suporte para celular e GPS - p/ aparelhos de 3,7" de largura- universal p/ fixar no vidro - cada ...
7769847;NAO EXISTE NA TOOLS
7822193;Cabo para alto-falante - paralelo 2X0,50MM cristal - metro
6941173;NEW MATRIX INTERM TB - OUP OXFORD UNIVER PRESS DO BRASIL PUBLIC
7784925;NAO EXISTE NA TOOLS
7820636;Borracha crua - Alternativo - para o suporte do vidro - preta - cada (unidade)
7784399;NAO EXISTE NA TOOLS
7822842;Fusível - Super mini - 15 amperes - cod:0105015-S.MINI - cada (unidade)
7822841;Fusível - Super mini - 5 amperes - cod:0105005-S.MINI - cada (unidade)
7784932;NAO EXISTE NA TOOLS
7822840;Fusível - Super mini - 10 amperes - cod:0105010-S.MINI - cada (unidade)
7784931;NAO EXISTE NA TOOLS
5875816;Sociologia Política Marxista - CORTEZ EDITORA E LIVRARIA
7769643;NAO EXISTE NA TOOLS
6734256;Woman Shake Proteína + Cálcio + Fibras - 420G - Midwaylabs
7822848;Fusível - Super mini - 30 amperes - cod:0105030-S.MINI - cada (unidade)
7822845;Fusível - Super mini - 20 amperes - cod:0105020-S.MINI - cada (unidade)
7836369;Tênis UFC - Azul Marinho
7769857;NAO EXISTE NA TOOLS
7769856;NAO EXISTE NA TOOLS
5883372;Livro - Maiakóvski: Poemas
7820625;Fita dupla face - 10 metros por 11mm - estreita - branca - cada (unidade)
7820626;Funil - Alternativo - grande - com tela - cada (unidade)
7771228;PINGUIM PROJETOR
7820624;Fita dupla face - 5 metros por 14,7mm - larga - branca - cada (unidade)
7769859;NAO EXISTE NA TOOLS
7769858;NAO EXISTE NA TOOLS
7820627;Fita dupla face - 10 metros por 14,7mm - larga - branca - cada (unidade)
7783273;NAO EXISTE NA TOOLS
7822850;Fusível - Super mini - 25 amperes - cod:0105025-S.MINI - cada (unidade)
7822853;Fusível - Super mini - 7,5 amperes - cod:0105075-S.MINI - cada (unidade)
7829678;Disco de freio - Hipper Freios - Polo 1.6 16V - 2003 em diante - ventilado - dianteiro - par - HF...
7784901;NAO EXISTE NA TOOLS
7801934;Faixa adesiva - Alternativo - D40 - 1994 - decorativa - auto adesiva - jogo
7827537;Disco de freio - Hipper Freios - Bora 2.8 - Audi TT - ventilado - par - HF-85C
7769868;Vale-Presente - R$200
7158575;GONE WITH THE WIND 4 PART 2 PLPR PACK CD - EDITORA PEARSON EDUCATION DO BRASIL LTDA
7822669;NAO EXISTE NA TOOLS
7771479;KIT SOFÁ BICAMA 8 PÇS NATUREZA PISTACHE
7158571;GOLDILOCKS THREE BEARS PYR 1 - EDITORA PEARSON EDUCATION DO BRASIL LTDA
7820611;Motor da máquina de vidro - encaixe Mabushi - UNIVERSAL - lado do motorista - cada (unidade)
7822663;Antena do teto - traseira - Mod. Tubarão - iluminada -verde/cromado - cada (unidade)
7784905;NAO EXISTE NA TOOLS
7822664;Triângulo - Silo Lanternas - de segurança - cada (unidade) - 180800
7784906;NAO EXISTE NA TOOLS
7784904;NAO EXISTE NA TOOLS
7822667;Antena do teto - auto adesiva traseira- Mod. Tubarão iluminada azul - cromada - cada (unidade)
7820617;Fita dupla face - 5 metros por 11mm - estreita - branca - cada (unidade)
7822665;Antena do teto - decorativa - auto adesiva - cromada - cada (unidade)
7784907;NAO EXISTE NA TOOLS
7784908;NAO EXISTE NA TOOLS
7829662;Disco de freio - Hipper Freios - Santa Fé 2.0i 2001 até 2005 - ventilado - dianteiro - par - HF-327
5599547;Clorella - 60 Cápsulas - Orient Mix
5599549;Colagemix - Colágeno Hidrolisado - 320G - Orient Mix
7822860;Coifa da alavanca do freio de mão - universal - napa-grafite - grafite - cada (unidade)
7784912;NAO EXISTE NA TOOLS
7769669;Vale-Presente - R$100
7769860;NAO EXISTE NA TOOLS
7493042;NAO EXISTE NA TOOLS
5867228;Amplificador Estéreo tipo Booster AB2000 Plus Boog
7769676;NAO EXISTE NA TOOLS
7784960;NAO EXISTE NA TOOLS
7821930;Spot mini - Autopoli - Led azul - 12V - Transparente - cada (unidade) - AP740
7769679;NAO EXISTE NA TOOLS
7824150;Chave de roda - "L" - 19 mm - com espatula - prata - cada (unidade)
7823920;Fusível - maxi - 20 âmperes - cada (unidade)
6597163;BONE NIKE FEATHER LIGHT - PRETO
7824355;NAO EXISTE NA TOOLS
7784965;NAO EXISTE NA TOOLS
7823922;Fusível - maxi - 50 âmperes - cada (unidade)
7821937;Soquete do farol - Alternativo - H1 - cada (unidade)
7831868;Pastilha de freio - Golf até 1998 mexicano - disco solido - dianteiro - jogo
5875588;Dialética, Educação e Política: uma Releitura de P - CORTEZ EDITORA E LIVRARIA
7784962;NAO EXISTE NA TOOLS
7822679;Antena do teto - traseira - Mod. Tubarão -iluminada vermelha/preta - cada (unidade)
7840004;Plafon Ibis Branco
7784769;NAO EXISTE NA TOOLS
7786010;NAO EXISTE NA TOOLS
7784768;NAO EXISTE NA TOOLS
7784767;NAO EXISTE NA TOOLS
7822675;Olho de gato - Alternativo - Oval simples - branco - auto-colante - 05.001 - cada (unidade)
7824351;Abraçadeira - plástica - 20cm - cada (unidade)
7840000;Plafon Ibis
7824352;Adesivo protetor do miolo - da porta - Fiat - cromado - par
7822673;Antena do teto - auto adesiva - Mod. Tubarão - iluminada - vermelha - cromada - cada (unidade)
7824353;Abraçadeira plástica - 28 cm - cada (unidade)
7821929;Spot mini - Autopoli - Led verde - 12V - cromado - cada (unidade) - AP146
7822672;NAO EXISTE NA TOOLS
7784958;NAO EXISTE NA TOOLS
7785802;NAO EXISTE NA TOOLS
7824354;Abraçadeira - plástica - 10 cm - cada (unidade)
7784762;NAO EXISTE NA TOOLS
7837479;Sunga Arena Sail Azul Marinho/Branco
7837461;Sunga Arena Syrius Preto/Branco
7824369;NAO EXISTE NA TOOLS
7821926;Spot mini - Autopoli - Led azul - 12V - cromado - cada (unidade) - AP145
7822680;Olho de gato - Alternativo - Oval simples - amarelo - auto-colante - 05.003 - cada (unidade)
7824368;NAO EXISTE NA TOOLS
7822681;Pedaleira - Esportiva Shekparts - Mod.I - cada (unidade)
7823931;Base da lente do retrovisor - Alternativo - elétrico - modelo universal - cada (unidade)
7823930;Fusível - maxi - 70 âmperes - cada (unidade)
7821927;Spot mini - Autopoli - Led verde - 12V - Transparente - cada (unidade) - AP741
7784972;NAO EXISTE NA TOOLS
7784975;NAO EXISTE NA TOOLS
7821923;Lâmpada - Autopoli - esmagada pequena - led branco - par - AP724
7822688;Pedaleira - Esportiva Shekparts - Mod.III - cada (unidade)
7784551;NAO EXISTE NA TOOLS
7784778;NAO EXISTE NA TOOLS
7822689;Pedaleira - Esportiva Shekparts - Mod.III - cromada - cada (unidade)
7784775;NAO EXISTE NA TOOLS
7824364;NAO EXISTE NA TOOLS
7784774;NAO EXISTE NA TOOLS
7784777;NAO EXISTE NA TOOLS
7824362;Adesivo protetor do miolo - Alternativo - da porta - com nome Fiat cromado - auto colante - preto...
7784776;NAO EXISTE NA TOOLS
7769680;NAO EXISTE NA TOOLS
7821917;Lanterna auxiliar - Alternativo - adaptação - lampada de 2 polos - vermelha - cada (unidade)
7784946;NAO EXISTE NA TOOLS
7784943;NAO EXISTE NA TOOLS
7822691;Pedaleira - Esportiva Shekparts - Mod.II - cromada - cada (unidade)
7834027;Parafuso do cinto de segurança - Alternativo - com pescoço - cada (unidade)
7784938;NAO EXISTE NA TOOLS
7821107;Rele de buzina - Alternativo - 4 terminais - B-128 - cada (unidade)
7824136;Àgua desmineralizada - Radiex - 1 litro - cód:A-902 - cada (unidade) - A-902
7822699;Terminal de fio - olhal fechado 3/16 - cada (unidade)
7821106;Antena do teto - Alternativo - traseira - pequena - decorativa - cada (unidade)
7784170;NAO EXISTE NA TOOLS
7784161;NAO EXISTE NA TOOLS
7784952;NAO EXISTE NA TOOLS
7784955;NAO EXISTE NA TOOLS
7837257;NAO EXISTE NA TOOLS
7784956;NAO EXISTE NA TOOLS
7824345;Relógio - UNIVERSAL - digital - colante - cada (unidade)
7837258;NAO EXISTE NA TOOLS
7784948;NAO EXISTE NA TOOLS
7786027;NAO EXISTE NA TOOLS
7824148;Lanterna para socorro - com garra p/ bateria - com 3 metros de fio - cada (unidade)
6024815;Planejando a Estratégia de Pequenos Negócios - NOVO SECULO LIVRARIA E EDITORA LTDA
6065571;Tactics For Listening - BAKER& TAYLOR,INC
7786028;NAO EXISTE NA TOOLS
7823961;Bomba reservatório de água ou gasolina - Renault - todos - cada (unidade)
6821768;CUTTING EDGE PRE INTERM TB - EDITORA PEARSON EDUCATION DO BRASIL LTDA
7821977;Aplique da soleira - Autopoli - acabamento em alumínio xadrez - prata - dianteiro - par - AP118
7821973;Aplique da soleira - Autopoli - acabamento em aço inox escovado - porta traseira - par - AP112
7821971;Retrovisor interno - Alternativo - maquiagem - sd autoplast - cinza - cada (unidade)
6066719;A Comprehensive Grammar of the English Language - BAKER& TAYLOR,INC
5930808;Livro - Cursos Sobre a Filosofia Grega 
7785113;NAO EXISTE NA TOOLS
7821166;Spot mini - Autopoli - Led azul - 12V - auto adesivo - preto - cada (unidade) - AP140
7785118;NAO EXISTE NA TOOLS
7785115;NAO EXISTE NA TOOLS
7785842;NAO EXISTE NA TOOLS
7823976;Rebite - Alternativo - Pop - Extra grande - 6,2 x 40 - cada (unidade)
7821969;Retrovisor interno - Alternativo - maquiagem - sd autoplast - preto - cada (unidade)
7821966;Canaleta - Alternativo - larga (1,5 cm de largura) - preta - metro
7823973;Lixa - ferro - n.40 - preta - cada (unidade)
7824500;Fusível - mini - 25 âmperes - cada (unidade)
7824501;Fusível - mini - 30 âmperes - cada (unidade)
7159199;LOOK! 2 TEACHER'S LIVEBOOK PACK 1E - EDITORA PEARSON EDUCATION DO BRASIL LTDA
6821778;CUTTING EDGE STARTER TB W/CD ROM - EDITORA PEARSON EDUCATION DO BRASIL LTDA
5826141;Pragmática do Jornalismo - SUMMUS EDITORIAL LTDA
7159193;LOOK! 1 WB 1E - EDITORA PEARSON EDUCATION DO BRASIL LTDA
7158301;FOOD FOR THOUGHT 3 PACK CD PLPR 2E - EDITORA PEARSON EDUCATION DO BRASIL LTDA
7823901;Moldura da placa - Alternativo - padrão - c/ olho de gato - cromada - par
7823907;Luminoso Táxi - Alternativo - grande completo - preto - cada (unidade)
7821959;Bateria - lithium - para alarme - 3V - CR2032 - 1700300300 - cada (unidade)
7784326;NAO EXISTE NA TOOLS
6821784;CUTTING EDGE UPPER INTERM TB - EDITORA PEARSON EDUCATION DO BRASIL LTDA
7784980;NAO EXISTE NA TOOLS
6066981;The Gingerbread Man Little Book - BAKER& TAYLOR,INC
7785131;NAO EXISTE NA TOOLS
7821149;Retrovisor interno - Alternativo - maquiagem - cinza - cada (unidade)
6034600;Business Options: Teacher´s Book - Importado - OUP OXFORD UNIVER PRESS DO BRASIL PUBLIC
6939983;Livro - New English File - Elementary - MultiPACK A
6794224;AUSTRALIA AND NEW ZEALAND (OBW FACT 3) 2ED - OUP OXFORD UNIVER PRESS DO BRASIL PUBLIC
7785867;NAO EXISTE NA TOOLS
7824375;Limpa pneu - Alternativo - 5 litros - cada (unidade)
7811895;Tapete de borracha - Borcol - KA 2012 em diante - preto - cada (unidade) - 01312741
7785139;NAO EXISTE NA TOOLS
7785138;NAO EXISTE NA TOOLS
7834050;Driver para corneta - Bomber - 80W RMS - DB200 8 OHMS - cada (unidade) - 1.11.024
7823915;Luminoso Táxi - Luminoso TAXI - pequeno com ima - cada (unidade)
7823994;NAO EXISTE NA TOOLS
7834051;Kit alto-falante - Bomber - Quadriaxial - 6x9" - 70W RMS 4 OHMS - universal - par - 1.17.106
7823993;Anti-corrosivo - 900 ml - para pintura 8800 - cada (unidade)
7821946;Trava elétrica - avulsa - universal importada - com 5 fios para instalação - preta - cada (unidade)
7823919;Farol de socorro - Alternativo - socorro - com lâmpada H3 para isqueiro - 8 metros - cada (unidade)
7823918;Luminoso Táxi - Alternativo - pequeno completo fixo - preto - cada (unidade)
7821948;Trava elétrica - Alternativo - avulsa - universal - 2 fios - preta - cada (unidade)
7784337;NAO EXISTE NA TOOLS
7832607;Conector adaptador para radio - Femea - com 16 vias - cada (unidade)
7823911;Farol de milha - UNIVERSAL - quadrado - pequeno - cada (unidade)
7823910;Luminoso Táxi - Alternativo - grande completo - fixo - branco - cada (unidade)
7832602;Alto-falante - Hurricane- kit 2 vias - 6" - 110 W - par
7795422;Kit relação - Riffel - Honda - CG 125 Titan - KS/ES - CG 125 FAN - C/Anel - cada (unidade) - 70755
7785147;NAO EXISTE NA TOOLS
7785141;NAO EXISTE NA TOOLS
7821159;Chapa de aço para remendo - de 18 - 1,20mm - 98 X 25cm - para pintar - cada (unidade)
5843474;10 MENINOS QUE MUDARAM O MUNDO
7785142;NAO EXISTE NA TOOLS
7823261;Massa resistente à batida de pedra - toroflex - cada (unidade)
7834058;Kit alto-falante - Bomber - Triaxial - 6" - 70W RMS - universal - par - 1.09.119
7824106;Algodão para polimento - 100 g - cada (unidade)
7823990;Thinner - 900 ml - limpeza 8116 - cada (unidade)
