7994111;Step Aeróbico 80 - Red Nose
7994110;Step Aeróbico 70 - Red Nose
7993969;Medicine Ball 4 Kg - O'neal
7994115;Step Aeróbico Profissional - O'neal
7994060;Corda de Pular - Red Nose
7994116;Step Profissional Premium - O'neal
7993975;Medicine Ball 6 Kg - O'neal
7994065;Nova Medicine Ball 5 Kg - O'neal
7993974;Medicine Ball 5kg - Red Nose
7994066;Nova Medicine Ball 6 Kg - O'neal
7994000;Bola de ginástica 55 cm - O'neal
7994064;Corda de Pular Cabo de Madeira - Excalibur
7993976;Medicine Ball 6kg - Red Nose
7994004;Bola de ginástica 65 cm - O'neal
7994005;Bola de ginástica 75 cm - O'neal
7994006;Bola de Peso com alça de 3kg - Red Nose
7993970;Medicine Ball 5 Kg - O'neal
7994103;Spinning Bike - O'neal
7993902;Luva Bate Saco Profissional G - Excalibur
7994109;Step 80 Residencial - O'Neal
7994104;Spinning Bike - Red Nose
7994071;Prancha de Pilates - O'neal
7994105;Step 70 Residencial - O'Neal
7994070;Plataforma Vibratória - O'neal
7994073;Roda para Exercícios Abdominais - O'neal
7994010;Medicine Ball com Alça 3 Kg - O'neal
7994074;Rolo de E.V.A. - O'Neal
7994011;Medicine Ball com Alça 4 Kg - O'neal
7994075;Rolo de EVA c/ Ranhura e Texturizado - O'neal
7993986;Barra de Flexão Redonda - Red Nose
7993988;Bicicleta Horizontal - O'neal
7993987;Base Para Bola de Ginástica - Red Nose
7994079;NAO EXISTE NA TOOLS
7994012;Medicine Ball com Alça 5 Kg - O'neal
7994018;Medicine Ball com Corda 3 Kg - O'neal
7994016;Medicine Ball com Alça 6 Kg - O'neal
7994017;Medicine Ball com Alça 8 Kg - O'neal
7993980;Medicine Ball 7kg - Red Nose
7993982;Medicine Ball 8kg - Red Nose
7993981;Medicine Ball 8 Kg - O'neal
7994040;Bola de Peso com alça de 5kg - Red Nose
7993957;Bandagem Elástica Preta 3 M - Excalibur
7994023;Medicine Ball com Corda 5 Kg - O'neal
7994047;Bola Inflável 65cm - Red Nose
7993956;Almofada de Equilíbrio em PVC - O'Neal
7994024;Medicine Ball com Corda 6 Kg - O'neal
7994048;Bola Inflável 75cm - Red Nose
7994046;Bola de Pilates 30cm - O'Neal
7993952;Medicine Ball 2 Kg - O'neal
7993951;Medicine Ball 1kg - Red Nose
7994041;Bola de Peso com alça de 6kg - Red Nose
7993950;Medicine Ball 1 Kg - O'neal
7994022;Medicine Ball com Corda 4 Kg - O'neal
7994042;Bola de Pilates 23cm - O'Neal
7994028;Mini Trampolim Profissional em Inox - Red Nose
7994029;Nova Medicine Ball 1 Kg - O'neal
7993958;Bandagem Elástica Vermelha 3 M - Excalibur
7994036;Bola de Peso com alça de 4kg - Red Nose
7993968;Medicine Ball 3kg - Red Nose
7994034;Nova Medicine Ball 3 Kg - O'neal
7994058;Caneleira Neoprene 2,0kg - Red Nose
7994035;Nova Medicine Ball 4 Kg - O'neal
7994059;Caneleira Neoprene 2,5kg - Red Nose
7993962;Barra de Flexão - O'neal
7994052;Bosu Body Dome - O'neal
7994053;Caneleira Ajustável 2kg - Red Nose
7993964;Medicine Ball 3 Kg - O'neal
7994030;Nova Medicine Ball 2 Kg - O'neal
7994054;Caneleira Ajustável 3kg - Red Nose
7993963;Barra de Flexão - Red Nose
7993928;Luvas de MMA Branco e Vermelho G - Excalibur
7993884;Faixa Elástica 65mm - Red Nose
7993925;Luvas de Boxe Preto com Vermelho 16 Oz - Excalibur
7993929;Luvas de Boxe Rosa com Branco 10 Oz - Excalibur
7993883;NAO EXISTE NA TOOLS
7993880;Bike 3015 - Kikos
7993930;Luvas de Boxe Rosa com Branco 12 Oz - Excalibur
7993931;Luvas de Boxe Rosa com Branco 14 Oz - Excalibur
7993937;Luvas de Boxe Vermelha com Branco 12 Oz - Excalibur
7994147;NAO EXISTE NA TOOLS
7994143;NAO EXISTE NA TOOLS
7993944;Luvas de MMA Branco e Vermelho M - Excalibur
7993945;Luvas de MMA Preta G - Excalibur
7993946;Luvas de MMA Preta M - Excalibur
7993909;Luvas de Boxe Cinza com Laranja 14 Oz - Excalibur
7993908;NAO EXISTE NA TOOLS
7994081;Esteira 058 220v - O'neal
7994080;Elíptico - Red Nose
7993904;Luva de Boxe Azul com Amarelo Cool Air 14 Oz - Excalibur
7993903;Luva de Boxe Azul com Amarelo Cool Air 12 Oz - Excalibur
7994087;Extensor de Látex Forte - Red Nose
7994086;Esteira Master 220 v - O'neal
7994085;Esteira Master 110 v - O'neal
7994092;Faixa Elástica 35mm - O'neal
7993899;Kit de Faixas Elásticas - Red Nose
7994093;Faixa Elástica 35mm - Red Nose
7993895;Kit de Extensores - Red nose
7993992;Bicicleta Magnética Vertical - O'Neal
7994091;Extensor de Látex Médio - Red Nose
7993898;NAO EXISTE NA TOOLS
7993993;Bola de Areia de 1 kg (Par) - O'Neal
7993994;Bola de Areia de 2 kg (Par) - O'Neal
7993893;Kit Boxe Feminino - Red Nose
7994120;Almofada de Equilíbrio Pro - O'Neal
7993894;Kit Boxe Masculino - Red Nose
7993998;Bola de Areia de 3 kg (Par) - O'Neal
7993999;Bola de Areia de 4 kg (Par) - O'Neal
7994125;Halter Revestido PVC 10 Kg - Polimet
7994124;Anel de Pilates - O'Neal
7993921;Luvas de Boxe Preto com Branco 14 Oz - Excalibur
7993924;Luvas de Boxe Preto com Vermelho 14 Oz - Excalibur
7994097;Faixa Elástica 50mm - O'neal
7994099;Rolo de EVA Hexagonal - O'neal
7994098;Faixa Elástica 50mm - Red Nose
