7784615;NAO EXISTE NA TOOLS
7838146;NAO EXISTE NA TOOLS
7927528;CADEIRA PAPINHA BONECA PRINCESAS
7838145;NAO EXISTE NA TOOLS
7838144;NAO EXISTE NA TOOLS
7784611;NAO EXISTE NA TOOLS
7784610;NAO EXISTE NA TOOLS
7994410;Relógio Speedo Feminino Digital, Caixa Termoplástica, Pulseira em Borracha, 80545L0EBNP2
7994415;Just Dance 2014 - Wii
7993969;Medicine Ball 4 Kg - O'neal
7994417;NAO EXISTE NA TOOLS
7994416;NAO EXISTE NA TOOLS
7993975;Medicine Ball 6 Kg - O'neal
7993974;Medicine Ball 5kg - Red Nose
7784410;NAO EXISTE NA TOOLS
7994000;Bola de ginástica 55 cm - O'neal
7994004;Bola de ginástica 65 cm - O'neal
7993976;Medicine Ball 6kg - Red Nose
7994005;Bola de ginástica 75 cm - O'neal
7838451;NAO EXISTE NA TOOLS
7994006;Bola de Peso com alça de 3kg - Red Nose
7993970;Medicine Ball 5 Kg - O'neal
7838456;NAO EXISTE NA TOOLS
7784609;NAO EXISTE NA TOOLS
7784603;NAO EXISTE NA TOOLS
7838468;NAO EXISTE NA TOOLS
7784602;NAO EXISTE NA TOOLS
7838265;NAO EXISTE NA TOOLS
7823319;Calota aro 14 - Alternativo - Universal Mod. Linea - prata - cada (unidade)
7850712;NAO EXISTE NA TOOLS
7784600;NAO EXISTE NA TOOLS
7851273;NAO EXISTE NA TOOLS
7994408;Jogo Putty Squad para Playstation 4
7994407;NAO EXISTE NA TOOLS
7994010;Medicine Ball com Alça 3 Kg - O'neal
7994011;Medicine Ball com Alça 4 Kg - O'neal
7993986;Barra de Flexão Redonda - Red Nose
7993988;Bicicleta Horizontal - O'neal
7993987;Base Para Bola de Ginástica - Red Nose
7994012;Medicine Ball com Alça 5 Kg - O'neal
7994018;Medicine Ball com Corda 3 Kg - O'neal
7784405;NAO EXISTE NA TOOLS
7994016;Medicine Ball com Alça 6 Kg - O'neal
7784406;NAO EXISTE NA TOOLS
7994017;Medicine Ball com Alça 8 Kg - O'neal
7854227;NAO EXISTE NA TOOLS
7838463;NAO EXISTE NA TOOLS
7993980;Medicine Ball 7kg - Red Nose
7993982;Medicine Ball 8kg - Red Nose
7784402;NAO EXISTE NA TOOLS
7993981;Medicine Ball 8 Kg - O'neal
7994431;Cerveja Colorado Cauim Allez Les Bleus - 310ml
7994430;Cerveja Ballast Point Big Eye IPA - 355ml
7838278;NAO EXISTE NA TOOLS
7838164;NAO EXISTE NA TOOLS
7833544;Alto-falante - Bravox - triaxial - 5 - 40W - par - GT-50
7851086;NAO EXISTE NA TOOLS
7854435;NAO EXISTE NA TOOLS
7838169;NAO EXISTE NA TOOLS
7838270;NAO EXISTE NA TOOLS
7854438;NAO EXISTE NA TOOLS
7853907;NAO EXISTE NA TOOLS
7838162;NAO EXISTE NA TOOLS
7994437;Cerveja Eisenbahn Wihnachts Ale - 355ml
7994436;Cerveja Duvel Tripel Hop Moisaic 2014 - 330ml
7994023;Medicine Ball com Corda 5 Kg - O'neal
7993957;Bandagem Elástica Preta 3 M - Excalibur
7994024;Medicine Ball com Corda 6 Kg - O'neal
7993956;Almofada de Equilíbrio em PVC - O'Neal
7838470;NAO EXISTE NA TOOLS
7853910;NAO EXISTE NA TOOLS
7854239;NAO EXISTE NA TOOLS
7993952;Medicine Ball 2 Kg - O'neal
7993951;Medicine Ball 1kg - Red Nose
7994022;Medicine Ball com Corda 4 Kg - O'neal
7785797;NAO EXISTE NA TOOLS
7993950;Medicine Ball 1 Kg - O'neal
7785795;NAO EXISTE NA TOOLS
7785793;NAO EXISTE NA TOOLS
7785792;NAO EXISTE NA TOOLS
7994028;Mini Trampolim Profissional em Inox - Red Nose
7785791;NAO EXISTE NA TOOLS
7994029;Nova Medicine Ball 1 Kg - O'neal
7838288;NAO EXISTE NA TOOLS
7994420;Toalha de Mesa Retangular 8p Sempre Limpa Estampada - Karsten
7838157;NAO EXISTE NA TOOLS
7854447;NAO EXISTE NA TOOLS
7994429;Cerveja Bodebrown Cacau IPA - 310ml
7994427;Colcha Casal Estampada Valdete C - Döhler
7842829;NAO EXISTE NA TOOLS
7993958;Bandagem Elástica Vermelha 3 M - Excalibur
7994423;Cerveja Dama IPA - 355ml
7994036;Bola de Peso com alça de 4kg - Red Nose
7994034;Nova Medicine Ball 3 Kg - O'neal
7993968;Medicine Ball 3kg - Red Nose
7842832;NAO EXISTE NA TOOLS
7994035;Nova Medicine Ball 4 Kg - O'neal
7993962;Barra de Flexão - O'neal
7994030;Nova Medicine Ball 2 Kg - O'neal
7993964;Medicine Ball 3 Kg - O'neal
7993963;Barra de Flexão - Red Nose
7854247;NAO EXISTE NA TOOLS
7854248;NAO EXISTE NA TOOLS
7786839;NAO EXISTE NA TOOLS
7854249;NAO EXISTE NA TOOLS
7993928;Luvas de MMA Branco e Vermelho G - Excalibur
7784652;NAO EXISTE NA TOOLS
7993925;Luvas de Boxe Preto com Vermelho 16 Oz - Excalibur
7993929;Luvas de Boxe Rosa com Branco 10 Oz - Excalibur
7855589;NAO EXISTE NA TOOLS
7854458;NAO EXISTE NA TOOLS
7855588;NAO EXISTE NA TOOLS
7855584;NAO EXISTE NA TOOLS
7838211;NAO EXISTE NA TOOLS
7862085;NAO EXISTE NA TOOLS
7838218;NAO EXISTE NA TOOLS
7838216;NAO EXISTE NA TOOLS
7855582;NAO EXISTE NA TOOLS
7855583;NAO EXISTE NA TOOLS
7785777;NAO EXISTE NA TOOLS
7993930;Luvas de Boxe Rosa com Branco 12 Oz - Excalibur
7993931;Luvas de Boxe Rosa com Branco 14 Oz - Excalibur
7785776;NAO EXISTE NA TOOLS
7993935;NAO EXISTE NA TOOLS
7993937;Luvas de Boxe Vermelha com Branco 12 Oz - Excalibur
7785371;NAO EXISTE NA TOOLS
7993936;Just Creatine - 300g - SportPharma
7785373;NAO EXISTE NA TOOLS
7821385;Esguicho de água do para-brisa - Alternativo - adaptação com led azul - preto - par
7853917;NAO EXISTE NA TOOLS
7834102;Alto-falante - H-Buster - coaxial 4x6 20W - cada (unidade) - BSLC-4632
7834104;Alto-falante - H-Buster - Coaxial 5 20W - cada (unidade) - BSLC-432
7784646;NAO EXISTE NA TOOLS
7821994;Chupeta de bateria - 2,8 metros - 250 amperes (10 mm) - cada (unidade)
7785379;NAO EXISTE NA TOOLS
7821790;Caixa organizadora - Replast - c/ tampa cinza - 25 litros - preta - cada (unidade) - 9325/1
7784649;NAO EXISTE NA TOOLS
7855598;NAO EXISTE NA TOOLS
7823742;Presilha do cinto de segurança - par
7922249;RELOGIO TROCA PULSEIRA BARBIE
7785784;NAO EXISTE NA TOOLS
7785787;NAO EXISTE NA TOOLS
7993944;Luvas de MMA Branco e Vermelho M - Excalibur
7993945;Luvas de MMA Preta G - Excalibur
7853923;NAO EXISTE NA TOOLS
7993946;Luvas de MMA Preta M - Excalibur
7993909;Luvas de Boxe Cinza com Laranja 14 Oz - Excalibur
7993908;NAO EXISTE NA TOOLS
7785362;NAO EXISTE NA TOOLS
7993904;Luva de Boxe Azul com Amarelo Cool Air 14 Oz - Excalibur
7993903;Luva de Boxe Azul com Amarelo Cool Air 12 Oz - Excalibur
7838121;NAO EXISTE NA TOOLS
7784634;NAO EXISTE NA TOOLS
7838122;NAO EXISTE NA TOOLS
7852335;NAO EXISTE NA TOOLS
7784637;NAO EXISTE NA TOOLS
7784635;NAO EXISTE NA TOOLS
7837503;NAO EXISTE NA TOOLS
7842885;NAO EXISTE NA TOOLS
7837508;NAO EXISTE NA TOOLS
7993919;Lean Pro 8 - 1320 g - Labrada Nutrition - Morango
7993918;Lean Pro 8 - 1320 g - Labrada Nutrition - Chocolate
7993917;Lean Pro 8 - 1320 g - Labrada Nutrition - Baunilha
7854484;NAO EXISTE NA TOOLS
7784621;NAO EXISTE NA TOOLS
7784623;NAO EXISTE NA TOOLS
7784624;NAO EXISTE NA TOOLS
7784625;NAO EXISTE NA TOOLS
7784627;NAO EXISTE NA TOOLS
7862092;NAO EXISTE NA TOOLS
7854482;NAO EXISTE NA TOOLS
7993921;Luvas de Boxe Preto com Branco 14 Oz - Excalibur
7993923;NAO EXISTE NA TOOLS
7993924;Luvas de Boxe Preto com Vermelho 14 Oz - Excalibur
7785766;NAO EXISTE NA TOOLS
7994216;Esmalte Cremoso Rafaela - Diva
7994214;Esmalte Cremoso Ayala - Diva
7994215;Esmalte Perolado Tova - Diva
7853607;NAO EXISTE NA TOOLS
7853972;NAO EXISTE NA TOOLS
7855745;NAO EXISTE NA TOOLS
7853974;NAO EXISTE NA TOOLS
7994495;Kit Conforto Suzuki SX4 Tury LVX10H
7994494;Kit Conforto Suzuki Grand Vitara Tury LVX10H
7994493;Kit Conforto Nissan Versa Tury LVX10Z
7994499;Kit Conforto Toyota Corolla 2009 em Diante Tury LVX5 LVX5+AG
7856717;NAO EXISTE NA TOOLS
7854291;NAO EXISTE NA TOOLS
7769828;NAO EXISTE NA TOOLS
7855548;NAO EXISTE NA TOOLS
7842117;NAO EXISTE NA TOOLS
7994205;NAO EXISTE NA TOOLS
7994206;NAO EXISTE NA TOOLS
7994207;NAO EXISTE NA TOOLS
7993902;Luva Bate Saco Profissional G - Excalibur
7853966;Poten Pet Holliday Scott - 30 Comprimidos
7993901;Kre-Alkalyn - Creatina - 120 Capsulas - Labrada
7993900;NAO EXISTE NA TOOLS
7785536;NAO EXISTE NA TOOLS
7853961;Prac Tic Norvartis Amarelo - 11 a 22 kg
7994202;Robô Aspirador de Pó DEEBOT D65 - Branco
7786064;NAO EXISTE NA TOOLS
7994482;Kit Conforto Mitsubishi ASX Tury LVX10AE
7994481;NAO EXISTE NA TOOLS
7786067;NAO EXISTE NA TOOLS
7994483;Kit Conforto Mitsubishi L200 Triton 2012 em Diante Tury LVX10K
7994488;Kit Conforto Mitsubishi Pajero Dakar Tury LVX10K
7785339;NAO EXISTE NA TOOLS
7994487;Kit Conforto Mitsubishi Outlander Tury LVX10AE
7853411;NAO EXISTE NA TOOLS
7853416;NAO EXISTE NA TOOLS
7994489;Kit Conforto Mitsubishi Pajero Full Tury LVX10K
7853414;NAO EXISTE NA TOOLS
7853415;NAO EXISTE NA TOOLS
7853418;NAO EXISTE NA TOOLS
7994238;Esmalte Cremoso Irma - Diva
7994239;Esmalte Cremoso Shirli - Diva
7994234;Esmalte Perolado Frida - Diva
7855763;NAO EXISTE NA TOOLS
7994232;Esmalte Cremoso Fernanda - Diva
7994233;Esmalte Perolado Adriana - Diva
7855560;NAO EXISTE NA TOOLS
7938060;NAO EXISTE NA TOOLS
7853421;NAO EXISTE NA TOOLS
7855565;Calmsyn Tp Konig - 15 g
7786057;NAO EXISTE NA TOOLS
7853423;NAO EXISTE NA TOOLS
7855566;Calmsyn Tp Konig - 30 g
7853429;NAO EXISTE NA TOOLS
7994226;Esmalte Cremoso Simone - Diva
7994227;Esmalte Cremoso Anette - Diva
7994228;Esmalte Perolado Lilian - Diva
7853634;NAO EXISTE NA TOOLS
7994221;Esmalte Cremoso Alexia - Diva
7994222;Esmalte Cremoso Sharon - Diva
7853630;NAO EXISTE NA TOOLS
7994220;Esmalte Perolado Isabeli - Diva
7838205;NAO EXISTE NA TOOLS
7838409;NAO EXISTE NA TOOLS
7855575;NAO EXISTE NA TOOLS
7838200;NAO EXISTE NA TOOLS
7855576;NAO EXISTE NA TOOLS
7838404;NAO EXISTE NA TOOLS
7838402;NAO EXISTE NA TOOLS
7994252;Esmalte Cremoso Valentina - Diva
7994251;Esmalte Cremoso Cris - Diva
7994250;Esmalte Perolado Paula - Diva
7994257;Esmalte Cremoso Nelice - Diva
7994256;Esmalte Cremoso Noah - Diva
7853643;NAO EXISTE NA TOOLS
7783320;NAO EXISTE NA TOOLS
7994258;Esmalte Perolado Nicole - Diva
7994458;Cerveja Mad River Steelhead Double IPA - 355ml
7994459;Kit Conforto Hyundai Santa Fé sem Anti Esmagamento de Série Tury LVX10C
7994456;Celular Gradiente Handy GC 200 QB Dual Chip,Câmera, lanterna, memória expansivel até 4GB Verde
7994457;Cerveja Shipyard Export Blond Ale - 355ml
7855506;NAO EXISTE NA TOOLS
7994450;Cerveja Sea Dog Wild Blueberry Wheat Ale LATA - 355ml
7854250;NAO EXISTE NA TOOLS
7838414;NAO EXISTE NA TOOLS
7842418;NAO EXISTE NA TOOLS
7854251;NAO EXISTE NA TOOLS
7854252;NAO EXISTE NA TOOLS
7838416;NAO EXISTE NA TOOLS
7994454;Cerveja Shipyard Blue Fin Stout - 355ml
7994455;Celular Gradiente Handy GC 200 QB Dual Chip, Câmera, lanterna, memória expansivel 4GB Branco
7868042;MEGA STUDENT`S BOOK 2 PACK SB
7994240;Esmalte Cremoso Carla - Diva
7785577;NAO EXISTE NA TOOLS
7785578;NAO EXISTE NA TOOLS
7994244;Esmalte Cremoso Carol - Diva
7994246;Esmalte Cremoso Flávia - Diva
7783313;NAO EXISTE NA TOOLS
7994245;Esmalte Perolado Karina - Diva
7854264;NAO EXISTE NA TOOLS
7853656;NAO EXISTE NA TOOLS
7783310;NAO EXISTE NA TOOLS
7783577;NAO EXISTE NA TOOLS
7994448;Cerveja Guayacán Pale Ale - 350ml
7994449;Cerveja Sea Dog Wild Blueberry Wheat Ale - 355ml
7838426;NAO EXISTE NA TOOLS
7994442;Cerveja Engelszell Benno Trappistenbier - 330ml
7994443;Cerveja Früli Strawberry Beer - 250ml
7838428;NAO EXISTE NA TOOLS
7994444;Cerveja Guayacán Golden Ale - 350ml
7850366;NAO EXISTE NA TOOLS
7838432;NAO EXISTE NA TOOLS
7786094;NAO EXISTE NA TOOLS
7994276;NAO EXISTE NA TOOLS
7994275;Esmalte Perolado Bety - Diva
7994274;Esmalte Cremoso Tata - Diva
7785567;NAO EXISTE NA TOOLS
7785569;NAO EXISTE NA TOOLS
7861668;NAO EXISTE NA TOOLS
7855529;NAO EXISTE NA TOOLS
7822800;Desodorante - Luxcar - Aparelho Vanille - 8 ml - cada (unidade)
7994270;Esmalte Perolado Estela - Diva
7994476;Kit Conforto Linha Fiat Tury LVX5 TW2P
7994477;Kit Conforto Linha Fiat Tury LVX5 TW2PT
7994475;Kit Conforto Kia Sportage até 2012 Tury LVX10D
7854271;NAO EXISTE NA TOOLS
7786099;NAO EXISTE NA TOOLS
7994470;Kit Conforto Kia Soul Tury LVX10C
7994471;Kit Conforto Kia Sportage Antiga Tury LVX10C
7838438;NAO EXISTE NA TOOLS
7786083;NAO EXISTE NA TOOLS
7838444;NAO EXISTE NA TOOLS
7994268;Esmalte Perolado Claudia - Diva
7854286;NAO EXISTE NA TOOLS
7994262;Esmalte Cremoso Ana - Diva
7842606;NAO EXISTE NA TOOLS
7994264;Esmalte Cremoso Lidia - Diva
7786081;NAO EXISTE NA TOOLS
7994263;Esmalte Cremoso Debora - Diva
7994269;Esmalte Cremoso Daniela - Diva
7994469;NAO EXISTE NA TOOLS
7994463;Kit Conforto Hyundai Tucson Tury LVX10C
7994464;NAO EXISTE NA TOOLS
7854281;NAO EXISTE NA TOOLS
7994465;Kit Conforto Kia Cerato até 2013 Tury LVX10G
7838446;NAO EXISTE NA TOOLS
7786101;NAO EXISTE NA TOOLS
7786102;NAO EXISTE NA TOOLS
7783944;NAO EXISTE NA TOOLS
7783943;NAO EXISTE NA TOOLS
7854042;NAO EXISTE NA TOOLS
7854044;NAO EXISTE NA TOOLS
7854047;NAO EXISTE NA TOOLS
7824094;Capa para banco - Maxine - Tuning Toquio - baixo - com 2 apoios de cabeça - vermelha - jogo - 1237
7994169;Cinto Flutuante Muvin-Amarelo
7994164;Caneleira de Hidroginástica Muvin - 2kg a 3kg-Roxo
7830139;Pastilha de freio - Ecopads - Captiva 3.0 - 2008 em diante - traseiro - cada (unidade) - ECO-1430
7994165;Cinto Flutuante Muvin-Pink
7853571;NAO EXISTE NA TOOLS
7994163;Caneleira de Hidroginástica Muvin - 2kg a 3kg-Pink
7994170;NAO EXISTE NA TOOLS
7786113;NAO EXISTE NA TOOLS
7786114;NAO EXISTE NA TOOLS
7994171;Touca de Natação em Silicone Muvin Standard-Amarelo
7783931;NAO EXISTE NA TOOLS
7836412;NAO EXISTE NA TOOLS
7783741;NAO EXISTE NA TOOLS
7836416;NAO EXISTE NA TOOLS
7786117;NAO EXISTE NA TOOLS
7836418;NAO EXISTE NA TOOLS
7786119;NAO EXISTE NA TOOLS
7842335;NAO EXISTE NA TOOLS
7836417;NAO EXISTE NA TOOLS
7778532;NAO EXISTE NA TOOLS
7783360;NAO EXISTE NA TOOLS
7935729;NAO EXISTE NA TOOLS
7778535;NAO EXISTE NA TOOLS
7854942;NAO EXISTE NA TOOLS
7994177;Prancha de Natação Corretiva Muvin-Amarelo
7854945;NAO EXISTE NA TOOLS
7783369;NAO EXISTE NA TOOLS
7994175;Prancha de Natação Muvin Standard-Roxo
7994176;Touca de Natação em Silicone Muvin Standard-Vermelho
7994689;Bolsa RAFITTHY coleção BE FOREVER 2014 bulldog love black
7994183;Prancha de Natação Corretiva J Muvin-Roxo
7994182;Prancha de Natação Corretiva J Muvin-Amarelo
7994181;Prancha de Natação Corretiva J Muvin-Vermelho
7783960;NAO EXISTE NA TOOLS
7994682;coleção CLASSIC 2015 caramelo/camurça caramelo
7784801;NAO EXISTE NA TOOLS
7836406;NAO EXISTE NA TOOLS
7853187;NAO EXISTE NA TOOLS
7836405;NAO EXISTE NA TOOLS
7783755;NAO EXISTE NA TOOLS
7784803;NAO EXISTE NA TOOLS
7994683;coleção CLASSIC 2015 cafe/camurça/café
7783752;NAO EXISTE NA TOOLS
7820766;Farol de milha - Alternativo - RCD - Quadrado - pequeno - cada (unidade) - RC 355
7853184;NAO EXISTE NA TOOLS
7994186;Robô Aspirador de Pó Mini DEEBOT CR100
7851534;NAO EXISTE NA TOOLS
7786361;NAO EXISTE NA TOOLS
7994185;Robô Aspirador de Pó DEEBOT D63 - Dourado
7783335;NAO EXISTE NA TOOLS
7783959;NAO EXISTE NA TOOLS
7783334;NAO EXISTE NA TOOLS
7994699;coleção CLASSIC 2015 caramelo/pelle/preto
7994698;coleção CLASSIC 2015 caramelo/camurça caramelo
7855600;NAO EXISTE NA TOOLS
7994190;Robô Limpa Vidro WINBOT W730 - Branco
7855601;NAO EXISTE NA TOOLS
7994192;Robô Purificador de Ar ATMOBOT A330
7994191;Robô Limpa Vidro WINBOT W710 - Dourado
7994691;coleção CLASSIC 2015 preto/camurça preto
7783766;NAO EXISTE NA TOOLS
7784814;NAO EXISTE NA TOOLS
7994690;coleção CLASSIC 2015 preto/camurça preto
7784813;NAO EXISTE NA TOOLS
7994692;Bolsa RAFITTHY coleção BE FOREVER 2014 york capuccino
7994695;coleção CLASSIC 2015 pelle/preto/preto
7784810;NAO EXISTE NA TOOLS
7784809;NAO EXISTE NA TOOLS
7855801;NAO EXISTE NA TOOLS
7784807;NAO EXISTE NA TOOLS
7994195;Kit com 8 Luminárias Solar de Jardim Inox
7783349;NAO EXISTE NA TOOLS
7859567;NAO EXISTE NA TOOLS
7783563;NAO EXISTE NA TOOLS
7783947;NAO EXISTE NA TOOLS
7778517;NAO EXISTE NA TOOLS
7783949;NAO EXISTE NA TOOLS
7837910;NAO EXISTE NA TOOLS
7837912;NAO EXISTE NA TOOLS
7852085;NAO EXISTE NA TOOLS
7852082;NAO EXISTE NA TOOLS
7837371;NAO EXISTE NA TOOLS
7786346;NAO EXISTE NA TOOLS
7784251;NAO EXISTE NA TOOLS
7837376;NAO EXISTE NA TOOLS
7837378;NAO EXISTE NA TOOLS
7852086;NAO EXISTE NA TOOLS
7786348;NAO EXISTE NA TOOLS
7852871;NAO EXISTE NA TOOLS
7855322;NAO EXISTE NA TOOLS
7783788;NAO EXISTE NA TOOLS
7855326;NAO EXISTE NA TOOLS
7837905;NAO EXISTE NA TOOLS
7852073;NAO EXISTE NA TOOLS
7854707;NAO EXISTE NA TOOLS
7783781;NAO EXISTE NA TOOLS
7845467;NAO EXISTE NA TOOLS
7786354;NAO EXISTE NA TOOLS
7837360;NAO EXISTE NA TOOLS
7837366;NAO EXISTE NA TOOLS
7852076;NAO EXISTE NA TOOLS
7784245;NAO EXISTE NA TOOLS
7786352;NAO EXISTE NA TOOLS
7784249;NAO EXISTE NA TOOLS
7783500;NAO EXISTE NA TOOLS
7784246;NAO EXISTE NA TOOLS
7786359;NAO EXISTE NA TOOLS
7855314;NAO EXISTE NA TOOLS
7855313;NAO EXISTE NA TOOLS
7855312;NAO EXISTE NA TOOLS
7855311;NAO EXISTE NA TOOLS
7855310;NAO EXISTE NA TOOLS
7783923;NAO EXISTE NA TOOLS
7786120;NAO EXISTE NA TOOLS
7853355;NAO EXISTE NA TOOLS
7786124;NAO EXISTE NA TOOLS
7855318;NAO EXISTE NA TOOLS
7784232;NAO EXISTE NA TOOLS
7854709;NAO EXISTE NA TOOLS
7837395;NAO EXISTE NA TOOLS
7837396;NAO EXISTE NA TOOLS
7853350;NAO EXISTE NA TOOLS
7837390;NAO EXISTE NA TOOLS
7854991;NAO EXISTE NA TOOLS
7783372;NAO EXISTE NA TOOLS
7783370;NAO EXISTE NA TOOLS
7854992;NAO EXISTE NA TOOLS
7854054;NAO EXISTE NA TOOLS
7852096;NAO EXISTE NA TOOLS
7783908;NAO EXISTE NA TOOLS
7845483;NAO EXISTE NA TOOLS
7845484;NAO EXISTE NA TOOLS
7783385;NAO EXISTE NA TOOLS
7855847;NAO EXISTE NA TOOLS
7855848;NAO EXISTE NA TOOLS
7855370;NAO EXISTE NA TOOLS
7837125;NAO EXISTE NA TOOLS
7855372;NAO EXISTE NA TOOLS
7784486;NAO EXISTE NA TOOLS
7837330;NAO EXISTE NA TOOLS
7850998;NAO EXISTE NA TOOLS
7836896;NAO EXISTE NA TOOLS
7787242;NAO EXISTE NA TOOLS
7994618;Bolsa ALICE PALUCCI coleção SECRET GARDENS 2014 vermelha
7994619;Bolsa BETTY BOOP coleção Sequency 2014 azul
7994626;"Bolsa para notebook até 14"" PAUL FRANK azul"
7994625;Bolsa GARFIELD coleção SCRATCH 2014 azul
7837335;NAO EXISTE NA TOOLS
7994627;Bolsa BETTY BOOP coleção VINTAGE LOVE 2014 preta
7785056;NAO EXISTE NA TOOLS
7837953;NAO EXISTE NA TOOLS
7785945;NAO EXISTE NA TOOLS
7837958;NAO EXISTE NA TOOLS
7787915;NAO EXISTE NA TOOLS
7837130;NAO EXISTE NA TOOLS
7784491;NAO EXISTE NA TOOLS
7784492;NAO EXISTE NA TOOLS
7855168;Shampoo Sebocalm Spherulites Virbac - 250 ml
7837132;NAO EXISTE NA TOOLS
7784493;NAO EXISTE NA TOOLS
7855363;NAO EXISTE NA TOOLS
7855362;NAO EXISTE NA TOOLS
7784499;NAO EXISTE NA TOOLS
7784285;NAO EXISTE NA TOOLS
7837323;NAO EXISTE NA TOOLS
7784698;NAO EXISTE NA TOOLS
7784697;NAO EXISTE NA TOOLS
7994637;Bolsa MICKEY coleção PLAYFULL 2014 verde
7994636;Bolsa BETTY BOOP coleção Clover Bag 2014 preto
7785069;NAO EXISTE NA TOOLS
7860293;NAO EXISTE NA TOOLS
7837328;NAO EXISTE NA TOOLS
7784870;NAO EXISTE NA TOOLS
7994633;Bolsa MICKEY coleção OP ART 2014 marrom
7994632;Bolsa MICKEY coleção OP ART 2014 rosa
7994631;"Bolsa para notebook até 15"" PAUL FRANK estampado"
7837137;NAO EXISTE NA TOOLS
7837940;NAO EXISTE NA TOOLS
7837942;NAO EXISTE NA TOOLS
7784876;NAO EXISTE NA TOOLS
7855365;NAO EXISTE NA TOOLS
7855164;NAO EXISTE NA TOOLS
7784693;NAO EXISTE NA TOOLS
7837947;NAO EXISTE NA TOOLS
7784879;NAO EXISTE NA TOOLS
7837738;NAO EXISTE NA TOOLS
7837737;NAO EXISTE NA TOOLS
7837144;NAO EXISTE NA TOOLS
7837142;NAO EXISTE NA TOOLS
7837353;NAO EXISTE NA TOOLS
7784468;NAO EXISTE NA TOOLS
7784273;NAO EXISTE NA TOOLS
7852069;NAO EXISTE NA TOOLS
7994602;HD 651 - Fone de Ouvido On-Ear Branco HD651 Superlux
7994601;HD 651 - Fone de Ouvido On-Ear Amarelo HD651 Superlux
7994603;HD 651 - Fone de Ouvido On-Ear Cinza HD651 Superlux
7850778;NAO EXISTE NA TOOLS
7837358;NAO EXISTE NA TOOLS
7837935;NAO EXISTE NA TOOLS
7855359;NAO EXISTE NA TOOLS
7784885;NAO EXISTE NA TOOLS
7837149;NAO EXISTE NA TOOLS
7837156;NAO EXISTE NA TOOLS
7850075;NAO EXISTE NA TOOLS
7855340;NAO EXISTE NA TOOLS
7784475;NAO EXISTE NA TOOLS
7837720;NAO EXISTE NA TOOLS
7784470;NAO EXISTE NA TOOLS
7837154;NAO EXISTE NA TOOLS
7994609;HD 651 - Fone de Ouvido On-Ear Vermelho HD651 Superlux
7837342;NAO EXISTE NA TOOLS
7994607;HD 651 - Fone de Ouvido On-Ear Roxo HD651 Superlux
7994608;HD 651 - Fone de Ouvido On-Ear Verde HD651 Superlux
7784477;NAO EXISTE NA TOOLS
7784479;NAO EXISTE NA TOOLS
7837340;NAO EXISTE NA TOOLS
7994613;Mochila PUCCA coleção 2014 vermelha
7784892;NAO EXISTE NA TOOLS
7784891;NAO EXISTE NA TOOLS
7994617;Bolsa BETTY BOOP coleção Princess-B marrom
7994616;Bolsa PAUL FRANK coleção 2014 candy
7855348;NAO EXISTE NA TOOLS
7784672;NAO EXISTE NA TOOLS
7785708;NAO EXISTE NA TOOLS
7855346;NAO EXISTE NA TOOLS
7855347;NAO EXISTE NA TOOLS
7850784;NAO EXISTE NA TOOLS
7855344;NAO EXISTE NA TOOLS
7855343;NAO EXISTE NA TOOLS
7837719;NAO EXISTE NA TOOLS
7783979;NAO EXISTE NA TOOLS
7852606;NAO EXISTE NA TOOLS
7786818;NAO EXISTE NA TOOLS
7837161;NAO EXISTE NA TOOLS
7786817;NAO EXISTE NA TOOLS
7852601;NAO EXISTE NA TOOLS
7784449;NAO EXISTE NA TOOLS
7786819;NAO EXISTE NA TOOLS
7837168;NAO EXISTE NA TOOLS
7785701;NAO EXISTE NA TOOLS
7837166;NAO EXISTE NA TOOLS
7994661;Bolsa RAFITTHY coleção BE FOREVER 2014 shitzu home
7994663;Bolsa COLCCI coleção 2014 preto/branco
7838181;NAO EXISTE NA TOOLS
7994660;Bolsa RAFITTHY coleção BE FOREVER gorgeous york
7853120;NAO EXISTE NA TOOLS
7994669;Bolsa COLCCI coleção 2014 vermelha
7783983;NAO EXISTE NA TOOLS
7786825;NAO EXISTE NA TOOLS
7786826;NAO EXISTE NA TOOLS
7838188;NAO EXISTE NA TOOLS
7783986;NAO EXISTE NA TOOLS
7994667;Bolsa COLCCI coleção 2014 azul
7786822;NAO EXISTE NA TOOLS
7838186;NAO EXISTE NA TOOLS
7784458;NAO EXISTE NA TOOLS
7837173;NAO EXISTE NA TOOLS
7855125;NAO EXISTE NA TOOLS
7851540;NAO EXISTE NA TOOLS
7837178;NAO EXISTE NA TOOLS
7855129;Talco Baby Green Pet Care - 120 g
7855126;NAO EXISTE NA TOOLS
7786830;NAO EXISTE NA TOOLS
7994672;coleção CLASSIC 2015 preto/taupe/taupe
7994670;Bolsa COLCCI coleção 2014 preta
7994671;Bolsa RAFITTHY coleção CLASSIC 2015 preto/preto/preto
7994678;coleção CLASSIC 2015 cafe/camurça café
7838174;NAO EXISTE NA TOOLS
7786834;NAO EXISTE NA TOOLS
7994676;Bolsa RAFITTHY coleção BE FOREVER 2014 akitas chumbo
7838176;NAO EXISTE NA TOOLS
7786831;NAO EXISTE NA TOOLS
7994677;Bolsa RAFITTHY coleção BE FOREVER 2014 hot york black
7837311;NAO EXISTE NA TOOLS
7852625;NAO EXISTE NA TOOLS
7854917;NAO EXISTE NA TOOLS
7837180;NAO EXISTE NA TOOLS
7854910;NAO EXISTE NA TOOLS
7855393;NAO EXISTE NA TOOLS
7855116;NAO EXISTE NA TOOLS
7851573;NAO EXISTE NA TOOLS
7837185;NAO EXISTE NA TOOLS
7784837;NAO EXISTE NA TOOLS
7937029;NAO EXISTE NA TOOLS
7853149;NAO EXISTE NA TOOLS
7994640;Bolsa BETTY BOOP coleção Princess-B vermelha
7994641;Bolsa QUEENS cinza
7854525;NAO EXISTE NA TOOLS
7853147;NAO EXISTE NA TOOLS
7994642;Bolsa PAUL FRANK coleção 2014 preta
7784841;NAO EXISTE NA TOOLS
7850730;NAO EXISTE NA TOOLS
7854524;NAO EXISTE NA TOOLS
7837318;NAO EXISTE NA TOOLS
7994646;Bolsa CAPRICHO coleção 2014 preta
7854522;NAO EXISTE NA TOOLS
7837316;NAO EXISTE NA TOOLS
7994647;Bolsa FIORUCCI café
7994648;Bolsa RAFITTHY coleção BE FOREVER york yellow
7854520;Lincomicin 300 - 16 Comprimidos - Labyes
7841864;NAO EXISTE NA TOOLS
7994649;"Bolsa para notebook até 15"" PAUL FRANK coleção 2014 rosa e lilas"
7786805;NAO EXISTE NA TOOLS
7852612;NAO EXISTE NA TOOLS
7837192;NAO EXISTE NA TOOLS
7851567;NAO EXISTE NA TOOLS
7784434;NAO EXISTE NA TOOLS
7852615;NAO EXISTE NA TOOLS
7993992;Bicicleta Magnética Vertical - O'Neal
7837190;NAO EXISTE NA TOOLS
7993993;Bola de Areia de 1 kg (Par) - O'Neal
7993994;Bola de Areia de 2 kg (Par) - O'Neal
7855106;NAO EXISTE NA TOOLS
7837960;NAO EXISTE NA TOOLS
7993998;Bola de Areia de 3 kg (Par) - O'Neal
7855380;Talco Citrus Green Pet Care - 120 g
7855102;NAO EXISTE NA TOOLS
7993999;Bola de Areia de 4 kg (Par) - O'Neal
7855103;NAO EXISTE NA TOOLS
7837198;NAO EXISTE NA TOOLS
7837966;NAO EXISTE NA TOOLS
7854519;NAO EXISTE NA TOOLS
7783991;NAO EXISTE NA TOOLS
7853158;Osteocart Plus Labyes - 30 Comprimidos
7838193;NAO EXISTE NA TOOLS
7784852;NAO EXISTE NA TOOLS
7853159;NAO EXISTE NA TOOLS
7994656;Bolsa RAFITTHY com Porta Tablet até 10' coleção BE FOREVER gorgeous york
7786811;NAO EXISTE NA TOOLS
7994657;Bolsa/Carteira COLCCI coleção 2014 vermelho
7786812;NAO EXISTE NA TOOLS
7838198;NAO EXISTE NA TOOLS
7994655;Bolsa RAFITTHY coleção BE FOREVER babies akitas
7786810;NAO EXISTE NA TOOLS
7783994;NAO EXISTE NA TOOLS
7837304;NAO EXISTE NA TOOLS
7836052;NAO EXISTE NA TOOLS
7786814;NAO EXISTE NA TOOLS
7994318;Esmalte Cremoso SHIN - Sadok by Speciallità
7994317;Esmalte Cremoso ALEF - Sadok by Speciallità
7785878;NAO EXISTE NA TOOLS
7994316;Esmalte Perolado Delta - Sadok by Speciallità
7994310;Esmalte Cremoso Gimel - Sadok by Speciallità
7854553;Máscara Hidratante Green Pet Care - 500 g
7785873;NAO EXISTE NA TOOLS
7833667;Amplificador de potência - Shiboom - Boom - Mono - RCA - 2X500WRMS - 2 Ohms - cada (unidade) - 8 SB
7994312;Esmalte Cremoso DALET - Sadok by Speciallità
7833666;Amplificador de potência - Shiboom - Boom - Mono - 1x250 RMS - 2 Ohms - cada (unidade) - 3 SB
7994311;Esmalte Fosco Alfa - Sadok by Speciallità
7785871;NAO EXISTE NA TOOLS
7854358;NAO EXISTE NA TOOLS
7850639;NAO EXISTE NA TOOLS
7994306;Esmalte Perolado Pi - Sadok by Speciallità
7994305;Esmalte Cintilante TAV - Sadok by Speciallità
7994304;Esmalte Cintilante TET - Sadok by Speciallità
7785886;NAO EXISTE NA TOOLS
7785273;NAO EXISTE NA TOOLS
7838030;NAO EXISTE NA TOOLS
7994300;Esmalte Cremoso VAV - Sadok by Speciallità
7854566;NAO EXISTE NA TOOLS
7854568;NAO EXISTE NA TOOLS
7854567;NAO EXISTE NA TOOLS
7822355;Calota aro 14 - elitte DS4 sport chrome - universal - cada (unidade)
7850804;NAO EXISTE NA TOOLS
7842711;NAO EXISTE NA TOOLS
7785270;NAO EXISTE NA TOOLS
7850620;NAO EXISTE NA TOOLS
7850625;NAO EXISTE NA TOOLS
7863521;SOL QUE QUERIA NASCER DE NOITE
7854531;Prac Tic Norvartis Cinza - 22 a 50 kg
7838020;NAO EXISTE NA TOOLS
7838572;NAO EXISTE NA TOOLS
7838570;NAO EXISTE NA TOOLS
7838577;NAO EXISTE NA TOOLS
7850421;NAO EXISTE NA TOOLS
7862155;NAO EXISTE NA TOOLS
7838012;NAO EXISTE NA TOOLS
7854541;NAO EXISTE NA TOOLS
7838583;NAO EXISTE NA TOOLS
7854342;NAO EXISTE NA TOOLS
7838018;NAO EXISTE NA TOOLS
7785495;NAO EXISTE NA TOOLS
7785087;NAO EXISTE NA TOOLS
7785085;NAO EXISTE NA TOOLS
7784515;NAO EXISTE NA TOOLS
7850275;NAO EXISTE NA TOOLS
7787255;NAO EXISTE NA TOOLS
7787258;NAO EXISTE NA TOOLS
7787256;NAO EXISTE NA TOOLS
7787260;NAO EXISTE NA TOOLS
7784503;NAO EXISTE NA TOOLS
7853307;NAO EXISTE NA TOOLS
7787261;NAO EXISTE NA TOOLS
7853708;NAO EXISTE NA TOOLS
7787817;NAO EXISTE NA TOOLS
7861097;NAO EXISTE NA TOOLS
7861096;NAO EXISTE NA TOOLS
7787809;NAO EXISTE NA TOOLS
7861095;NAO EXISTE NA TOOLS
7787264;NAO EXISTE NA TOOLS
7787267;NAO EXISTE NA TOOLS
7787268;NAO EXISTE NA TOOLS
7787273;NAO EXISTE NA TOOLS
7838331;NAO EXISTE NA TOOLS
7786799;NAO EXISTE NA TOOLS
7784795;NAO EXISTE NA TOOLS
7854576;NAO EXISTE NA TOOLS
7787270;NAO EXISTE NA TOOLS
7854577;NAO EXISTE NA TOOLS
7785269;NAO EXISTE NA TOOLS
7854574;NAO EXISTE NA TOOLS
7784535;NAO EXISTE NA TOOLS
7784532;NAO EXISTE NA TOOLS
7785264;NAO EXISTE NA TOOLS
7784530;NAO EXISTE NA TOOLS
7853807;NAO EXISTE NA TOOLS
7853812;NAO EXISTE NA TOOLS
7854570;NAO EXISTE NA TOOLS
7787278;NAO EXISTE NA TOOLS
7838336;NAO EXISTE NA TOOLS
7787276;NAO EXISTE NA TOOLS
7787277;NAO EXISTE NA TOOLS
7822345;Calota aro 14 - elitte DS4 sport cup - universal - cada (unidade)
7787274;NAO EXISTE NA TOOLS
7787275;NAO EXISTE NA TOOLS
7785097;NAO EXISTE NA TOOLS
7785258;NAO EXISTE NA TOOLS
7784782;NAO EXISTE NA TOOLS
7854589;NAO EXISTE NA TOOLS
7785099;NAO EXISTE NA TOOLS
7854583;NAO EXISTE NA TOOLS
7852445;NAO EXISTE NA TOOLS
7852443;NAO EXISTE NA TOOLS
7854586;NAO EXISTE NA TOOLS
7785251;NAO EXISTE NA TOOLS
7784786;NAO EXISTE NA TOOLS
7833419;Alto-falante - H-Buster - Coaxial 6 20W - cada (unidade) - BSLC-532
7850267;NAO EXISTE NA TOOLS
7853800;NAO EXISTE NA TOOLS
7853801;NAO EXISTE NA TOOLS
7854580;NAO EXISTE NA TOOLS
7785091;NAO EXISTE NA TOOLS
7785660;NAO EXISTE NA TOOLS
7787285;NAO EXISTE NA TOOLS
7787286;NAO EXISTE NA TOOLS
7842771;NAO EXISTE NA TOOLS
7785094;NAO EXISTE NA TOOLS
7787288;NAO EXISTE NA TOOLS
7838318;NAO EXISTE NA TOOLS
7771032;PRISMA
7994111;Step Aeróbico 80 - Red Nose
7838510;NAO EXISTE NA TOOLS
7853870;NAO EXISTE NA TOOLS
7994110;Step Aeróbico 70 - Red Nose
7853872;Eliminador de Odores Tradicional Green Pet Care - 1 l
7842919;NAO EXISTE NA TOOLS
7994117;NAO EXISTE NA TOOLS
7994115;Step Aeróbico Profissional - O'neal
7994116;Step Profissional Premium - O'neal
7842921;NAO EXISTE NA TOOLS
7838517;NAO EXISTE NA TOOLS
7838313;NAO EXISTE NA TOOLS
7838512;NAO EXISTE NA TOOLS
7855077;NAO EXISTE NA TOOLS
7786175;NAO EXISTE NA TOOLS
7855068;NAO EXISTE NA TOOLS
7838522;NAO EXISTE NA TOOLS
7855067;NAO EXISTE NA TOOLS
7994103;Spinning Bike - O'neal
7838326;NAO EXISTE NA TOOLS
7853861;NAO EXISTE NA TOOLS
7855692;NAO EXISTE NA TOOLS
7994109;Step 80 Residencial - O'Neal
7994104;Spinning Bike - Red Nose
7994105;Step 70 Residencial - O'Neal
7853869;NAO EXISTE NA TOOLS
7838324;NAO EXISTE NA TOOLS
7838529;NAO EXISTE NA TOOLS
7994383;Relógio Feminino Analógico Bicolor Dumount SA75360/B
7867904;CARMA, MEDITACAO SABEDORIA - P
7994382;Relógio Feminino Analógico Dourado Condor KT85025/B
7855699;NAO EXISTE NA TOOLS
7838524;NAO EXISTE NA TOOLS
7994384;Relógio Feminino Analógico Dourado Dumount SR80099/B
7855660;NAO EXISTE NA TOOLS
7853850;NAO EXISTE NA TOOLS
7785423;NAO EXISTE NA TOOLS
7786195;NAO EXISTE NA TOOLS
7786194;NAO EXISTE NA TOOLS
7994370;Pedometro Body Fat Mormaii
7786193;NAO EXISTE NA TOOLS
7842533;NAO EXISTE NA TOOLS
7842532;NAO EXISTE NA TOOLS
7853854;NAO EXISTE NA TOOLS
7842949;NAO EXISTE NA TOOLS
7785221;NAO EXISTE NA TOOLS
7786199;NAO EXISTE NA TOOLS
7855099;NAO EXISTE NA TOOLS
7994372;Led Clip Preto Mormaii
7855096;NAO EXISTE NA TOOLS
7786197;NAO EXISTE NA TOOLS
7994371;Led Clip Branco Mormaii
7994378;Relógio Feminino Analógico Prata Condor KW26658/S
7855094;NAO EXISTE NA TOOLS
7994377;Relógio Feminno Analógico Bicolor Condor KT75018/B
7994376;Lixeira para Carro em Neopreme com Estampa Poá Rosa Reliza
7855662;NAO EXISTE NA TOOLS
7838306;NAO EXISTE NA TOOLS
7934390;NAO EXISTE NA TOOLS
7785419;NAO EXISTE NA TOOLS
7786181;NAO EXISTE NA TOOLS
7838308;NAO EXISTE NA TOOLS
7853849;NAO EXISTE NA TOOLS
7853847;NAO EXISTE NA TOOLS
7855080;NAO EXISTE NA TOOLS
7842008;NAO EXISTE NA TOOLS
7994361;MANGUEIRA MÁGICA VERDE 15M
7855085;Magic Fix Pet Smack - 250 ml
7855086;NAO EXISTE NA TOOLS
7994365;"Case Duplace Liberty em Neopreme para Tablet 7"" Reliza"
7994364;"Case Duplace em Neopreme com Estampa Leopardo para Tablet 7"" Reliza"
7838300;NAO EXISTE NA TOOLS
7855083;NAO EXISTE NA TOOLS
7994366;Pedometro Básico Mormaii
7855084;NAO EXISTE NA TOOLS
7894547;NAO EXISTE NA TOOLS
7853789;NAO EXISTE NA TOOLS
7994159;NAO EXISTE NA TOOLS
7994158;NAO EXISTE NA TOOLS
7785449;NAO EXISTE NA TOOLS
7838553;NAO EXISTE NA TOOLS
7994157;NAO EXISTE NA TOOLS
7853787;NAO EXISTE NA TOOLS
7994153;NAO EXISTE NA TOOLS
7994152;Caneleira de Hidroginástica Muvin - 1kg a 2kg-Roxo
7994151;Caneleira de Hidroginástica Muvin - 1kg a 2kg-Pink
7994355;Rolo de Mangueira 15m c/ esguijo de 4 jatos
7994356;MANGUEIRA MÁGICA AZUL 7,5M
7994351;Torneira Misturador
7838558;NAO EXISTE NA TOOLS
7994350;Chuveiro Redondo de Led
7893484;Escutar o invisivel
7994357;MANGUEIRA MÁGICA AZUL15M
7854790;NAO EXISTE NA TOOLS
7850474;NAO EXISTE NA TOOLS
7853797;NAO EXISTE NA TOOLS
7838565;NAO EXISTE NA TOOLS
7994147;NAO EXISTE NA TOOLS
7785438;NAO EXISTE NA TOOLS
7994143;NAO EXISTE NA TOOLS
7838560;NAO EXISTE NA TOOLS
7994142;Toalha Interfolha Enxuta ECO 23X21cm C/1000 - Plumax - Cód: TIE.E2321
7853790;NAO EXISTE NA TOOLS
7994343;NAO EXISTE NA TOOLS
7994344;Kit com 4 Luminárias Solar de Jardim Inox
7994345;Ducha de Led
7855656;NAO EXISTE NA TOOLS
7854794;NAO EXISTE NA TOOLS
7854792;NAO EXISTE NA TOOLS
7994349;Chuveiro Quadrado de Led
7994138;Confort Bag Baby Carbogel - Bolsa termica 190 G - Cód: 2118
7994137;Estetoscópio modelo Rappaport, PAMED - Código: EST502
7994130;Kit Academico P.A.MED com Estetoscópio Rappaport - Código: KPA202
7994136;NAO EXISTE NA TOOLS
7994135;Estetoscópio modelo Duosson, PAMED - Código: EST401
7994134;Estetóscopio BIC duplo Linha Efficace Modelo Pediátrico COR: VERMELHO - Código: ES0608
7850463;NAO EXISTE NA TOOLS
7838534;NAO EXISTE NA TOOLS
7994330;Esmalte Cremoso Beta - Sadok by Speciallità
7838536;NAO EXISTE NA TOOLS
7994334;Esmalte Perolado Lambda - Sadok by Speciallità
7994337;Repelente Solar de LED
7994338;Kit de 3 facas Cerâmca + Descascador Cerâmica
7994335;NAO EXISTE NA TOOLS
7778572;NAO EXISTE NA TOOLS
7855629;NAO EXISTE NA TOOLS
7994339;NAO EXISTE NA TOOLS
7994127;Aparelho de Pressão BIC Adulto Braçadeira em Nylon e fecho de Metal INNOVA - Código: AP0212
7994129;Estetóscopio BIC duplo Linha Efficace Modelo Pediátrico COR: VERDE - Código: ES0607
7785459;NAO EXISTE NA TOOLS
7783452;NAO EXISTE NA TOOLS
7785456;NAO EXISTE NA TOOLS
7994120;Almofada de Equilíbrio Pro - O'Neal
7853776;NAO EXISTE NA TOOLS
7994125;Halter Revestido PVC 10 Kg - Polimet
7821625;Farol de milha - Alternativo - Autopoli - com leds - UNIVERSAL - cada (unidade) - AP765
7994124;Anel de Pilates - O'Neal
7838541;NAO EXISTE NA TOOLS
7838548;NAO EXISTE NA TOOLS
7838546;NAO EXISTE NA TOOLS
7994322;Esmalte Perolado Zeta - Sadok by Speciallità
7994323;Esmalte Cremoso TAU - Sadok by Speciallità
7994324;Esmalte Cremoso Gama - Sadok by Speciallità
7994328;Esmalte Cremoso NUN - Sadok by Speciallità
7994329;Esmalte Perolado Lamed - Sadok by Speciallità
7854773;NAO EXISTE NA TOOLS
7854770;NAO EXISTE NA TOOLS
7994561;Kit Conforto Hyundai IX35 sem Anti Esmagamento de Série Tury LVX10D
7854874;NAO EXISTE NA TOOLS
7994560;NAO EXISTE NA TOOLS
7783634;NAO EXISTE NA TOOLS
7994565;NAO EXISTE NA TOOLS
7842200;NAO EXISTE NA TOOLS
7994564;Relógio Armani Exchange AX Calendário Chronograph AX1353 8PN Masculino
7994569;Smartphone Gradiente iPhone Neo One GC Branco 500 Câmera 5,0 MP Desbloqueado 2 Chips Android 2.3
7994568;Smartphone Gradiente iPhone Preto, Neo One GC 500 SF, Dual Chip, Android 2.3, 3G, Wi-fi, Câmera 5MP
7786202;NAO EXISTE NA TOOLS
7786200;NAO EXISTE NA TOOLS
7994060;Corda de Pular - Red Nose
7994065;Nova Medicine Ball 5 Kg - O'neal
7994066;Nova Medicine Ball 6 Kg - O'neal
7852546;NAO EXISTE NA TOOLS
7860320;NAO EXISTE NA TOOLS
7994064;Corda de Pular Cabo de Madeira - Excalibur
7778628;NAO EXISTE NA TOOLS
7783836;NAO EXISTE NA TOOLS
7852542;NAO EXISTE NA TOOLS
7994570;Câmera Digital Samsung ST66 Preta 16.1MP 4GB com Zoom Óptico de 5x LCD 2.7
7786219;NAO EXISTE NA TOOLS
7994574;Câmera Digital Samsung ST66 Prata 16.1MP 4GB com Zoom Óptico de 5x LCD 2.7
7994578;Celular Samsung E1265 Dual Chip, Mp3 Player, Rádio, Redes Sociais e Teclado Querty Preto
7994071;Prancha de Pilates - O'neal
7994070;Plataforma Vibratória - O'neal
7994073;Roda para Exercícios Abdominais - O'neal
7994074;Rolo de E.V.A. - O'Neal
7994075;Rolo de EVA c/ Ranhura e Texturizado - O'neal
7994079;NAO EXISTE NA TOOLS
7783825;NAO EXISTE NA TOOLS
7783610;NAO EXISTE NA TOOLS
7994586;Samsung Galaxy Grand Duos I9082 Grafite Dual Chip 8GB Wi-Fi GPS 3G Android 4.1 Câmera 8MP Tela 5
7854850;NAO EXISTE NA TOOLS
7994582;Relógio Armani Exchange AX Calendário AX2130 0PN Masculino
7842225;NAO EXISTE NA TOOLS
7786226;NAO EXISTE NA TOOLS
7994581;Relógio Armani Exchange AX Calendário Cronograph UAX1212Z Masculino
7842224;NAO EXISTE NA TOOLS
7994580;Relógio Armani Exchange AX Calendário Cronograph UAX1192Z Masculino
7994040;Bola de Peso com alça de 5kg - Red Nose
7058557;NAO EXISTE NA TOOLS
7058559;NAO EXISTE NA TOOLS
7854859;NAO EXISTE NA TOOLS
7994589;ALCATEL OT 900M CINZA
7994047;Bola Inflável 65cm - Red Nose
7994048;Bola Inflável 75cm - Red Nose
7778647;NAO EXISTE NA TOOLS
7783816;NAO EXISTE NA TOOLS
7994046;Bola de Pilates 30cm - O'Neal
7994041;Bola de Peso com alça de 6kg - Red Nose
7994042;Bola de Pilates 23cm - O'Neal
7854167;NAO EXISTE NA TOOLS
7852522;NAO EXISTE NA TOOLS
7994596;SX 3204 - Mesa de Som / Mixer c/ Efeitos SX3204 Soundcraft
7854861;NAO EXISTE NA TOOLS
7994595;NAO EXISTE NA TOOLS
7994597;K 518 LE - Fone / Headphone Vermelho para DJ Profissional K518LE - AKG
7994594;Bolsa GARFIELD coleção GINGER branca
7785105;NAO EXISTE NA TOOLS
7841972;NAO EXISTE NA TOOLS
7994593;LVM 01 MX - Microfone Lapela LVM-01MX Lyco
7854869;NAO EXISTE NA TOOLS
7786234;NAO EXISTE NA TOOLS
7785102;NAO EXISTE NA TOOLS
7855700;NAO EXISTE NA TOOLS
7853482;NAO EXISTE NA TOOLS
7994058;Caneleira Neoprene 2,0kg - Red Nose
7994059;Caneleira Neoprene 2,5kg - Red Nose
7994052;Bosu Body Dome - O'neal
7994053;Caneleira Ajustável 2kg - Red Nose
7994054;Caneleira Ajustável 3kg - Red Nose
7994590;Payot Kit Maternité para beleza da futura Mamãe
7852974;NAO EXISTE NA TOOLS
7784918;NAO EXISTE NA TOOLS
7784919;NAO EXISTE NA TOOLS
7837226;NAO EXISTE NA TOOLS
7852978;Deo Colônia Floral Baw Waw - 150 ml
7837228;NAO EXISTE NA TOOLS
7784916;NAO EXISTE NA TOOLS
7837227;NAO EXISTE NA TOOLS
7784388;NAO EXISTE NA TOOLS
7784923;NAO EXISTE NA TOOLS
7784382;NAO EXISTE NA TOOLS
7784381;NAO EXISTE NA TOOLS
7784384;NAO EXISTE NA TOOLS
7769633;NAO EXISTE NA TOOLS
7855025;NAO EXISTE NA TOOLS
7769635;NAO EXISTE NA TOOLS
7769841;NAO EXISTE NA TOOLS
7786258;NAO EXISTE NA TOOLS
7852982;NAO EXISTE NA TOOLS
7769843;NAO EXISTE NA TOOLS
7769849;NAO EXISTE NA TOOLS
7784391;NAO EXISTE NA TOOLS
7769847;NAO EXISTE NA TOOLS
7837239;NAO EXISTE NA TOOLS
7837238;NAO EXISTE NA TOOLS
7784925;NAO EXISTE NA TOOLS
7837234;NAO EXISTE NA TOOLS
7784935;NAO EXISTE NA TOOLS
7784399;NAO EXISTE NA TOOLS
7784398;NAO EXISTE NA TOOLS
7837232;NAO EXISTE NA TOOLS
7784933;NAO EXISTE NA TOOLS
7837233;NAO EXISTE NA TOOLS
7784932;NAO EXISTE NA TOOLS
7784931;NAO EXISTE NA TOOLS
7784930;NAO EXISTE NA TOOLS
7769643;NAO EXISTE NA TOOLS
7855036;NAO EXISTE NA TOOLS
7994081;Esteira 058 220v - O'neal
7994287;Esmalte Cremoso Sheila - Diva
7769857;NAO EXISTE NA TOOLS
7994288;Esmalte Perolado Taly - Diva
7769856;NAO EXISTE NA TOOLS
7994080;Elíptico - Red Nose
7994286;Esmalte Cremoso Sandra - Diva
7855043;NAO EXISTE NA TOOLS
7855042;NAO EXISTE NA TOOLS
7854818;NAO EXISTE NA TOOLS
7837204;NAO EXISTE NA TOOLS
7852952;NAO EXISTE NA TOOLS
7853459;NAO EXISTE NA TOOLS
7769859;NAO EXISTE NA TOOLS
7769858;NAO EXISTE NA TOOLS
7852954;NAO EXISTE NA TOOLS
7852955;NAO EXISTE NA TOOLS
7852564;NAO EXISTE NA TOOLS
7783273;NAO EXISTE NA TOOLS
7784138;NAO EXISTE NA TOOLS
7855450;NAO EXISTE NA TOOLS
7784901;NAO EXISTE NA TOOLS
7994282;Esmalte Perolado Josefina - Diva
7994281;Esmalte Cobertura Ilana - Diva
7994280;Esmalte Cremoso Juliana - Diva
7994087;Extensor de Látex Forte - Red Nose
7784132;NAO EXISTE NA TOOLS
7837498;NAO EXISTE NA TOOLS
7994086;Esteira Master 220 v - O'neal
7994085;Esteira Master 110 v - O'neal
7852961;NAO EXISTE NA TOOLS
7994092;Faixa Elástica 35mm - O'neal
7994298;Esmalte Cremoso Omicron - Sadok by Speciallità
7994093;Faixa Elástica 35mm - Red Nose
7994299;NAO EXISTE NA TOOLS
7994294;Esmalte Perolado Omega - Sadok by Speciallità
7994091;Extensor de Látex Médio - Red Nose
7915117;Rack Bancada Sintonia Cinza Ônix/Preto
7784905;NAO EXISTE NA TOOLS
7875013;NEW PROGRESS TO FIRST CERTIF.T
7837216;NAO EXISTE NA TOOLS
7784906;NAO EXISTE NA TOOLS
7842254;NAO EXISTE NA TOOLS
7915118;Rack Bancada Sintonia Carvalho Ônix/Vermelho
7784904;NAO EXISTE NA TOOLS
7854820;NAO EXISTE NA TOOLS
7784907;NAO EXISTE NA TOOLS
7784908;NAO EXISTE NA TOOLS
7852552;NAO EXISTE NA TOOLS
7915113;Guarda-roupa 3 Portas de Correr Ibiza Plus Nobel - Novo Horizonte
7784912;NAO EXISTE NA TOOLS
7837210;NAO EXISTE NA TOOLS
7769860;NAO EXISTE NA TOOLS
7994293;NAO EXISTE NA TOOLS
7994292;Esmalte Perolado Sigma - Sadok by Speciallità
7994097;Faixa Elástica 50mm - O'neal
7994099;Rolo de EVA Hexagonal - O'neal
7994098;Faixa Elástica 50mm - Red Nose
7784960;NAO EXISTE NA TOOLS
7769676;NAO EXISTE NA TOOLS
7784157;NAO EXISTE NA TOOLS
7784155;NAO EXISTE NA TOOLS
7769679;NAO EXISTE NA TOOLS
7784150;NAO EXISTE NA TOOLS
7842673;NAO EXISTE NA TOOLS
7837268;NAO EXISTE NA TOOLS
7784965;NAO EXISTE NA TOOLS
7837264;NAO EXISTE NA TOOLS
7837263;NAO EXISTE NA TOOLS
7837262;NAO EXISTE NA TOOLS
7784961;NAO EXISTE NA TOOLS
7784962;NAO EXISTE NA TOOLS
7851016;NAO EXISTE NA TOOLS
7855478;NAO EXISTE NA TOOLS
7786010;NAO EXISTE NA TOOLS
7784541;NAO EXISTE NA TOOLS
7784769;NAO EXISTE NA TOOLS
7784768;NAO EXISTE NA TOOLS
7784767;NAO EXISTE NA TOOLS
7933925;NAO EXISTE NA TOOLS
7837269;NAO EXISTE NA TOOLS
7855270;NAO EXISTE NA TOOLS
7784958;NAO EXISTE NA TOOLS
7785802;NAO EXISTE NA TOOLS
7852746;NAO EXISTE NA TOOLS
7784762;NAO EXISTE NA TOOLS
7850897;NAO EXISTE NA TOOLS
7784547;NAO EXISTE NA TOOLS
7832996;Subwoofer - Selenium - cada (unidade) - 10SW14A-4+4
7784144;NAO EXISTE NA TOOLS
7852371;NAO EXISTE NA TOOLS
7850197;NAO EXISTE NA TOOLS
7784972;NAO EXISTE NA TOOLS
7784974;NAO EXISTE NA TOOLS
7837274;NAO EXISTE NA TOOLS
7784975;NAO EXISTE NA TOOLS
7855265;NAO EXISTE NA TOOLS
7784551;NAO EXISTE NA TOOLS
7784778;NAO EXISTE NA TOOLS
7855262;Pet Tel 600 mg 4 Vansil - 4 comprimidos 10 kg
7784775;NAO EXISTE NA TOOLS
7851202;NAO EXISTE NA TOOLS
7784774;NAO EXISTE NA TOOLS
7784777;NAO EXISTE NA TOOLS
7824363;Adesivo protetor do miolo - transparente da porta - Fiat - par
7784776;NAO EXISTE NA TOOLS
7852374;NAO EXISTE NA TOOLS
7854804;NAO EXISTE NA TOOLS
7852373;NAO EXISTE NA TOOLS
7852372;NAO EXISTE NA TOOLS
7769680;NAO EXISTE NA TOOLS
7844657;NAO EXISTE NA TOOLS
7837240;NAO EXISTE NA TOOLS
7853004;NAO EXISTE NA TOOLS
7784739;NAO EXISTE NA TOOLS
7837246;NAO EXISTE NA TOOLS
7837245;NAO EXISTE NA TOOLS
7784946;NAO EXISTE NA TOOLS
7837244;NAO EXISTE NA TOOLS
7784943;NAO EXISTE NA TOOLS
7784938;NAO EXISTE NA TOOLS
7785821;NAO EXISTE NA TOOLS
7852998;NAO EXISTE NA TOOLS
7851865;NAO EXISTE NA TOOLS
7852996;NAO EXISTE NA TOOLS
7849994;NAO EXISTE NA TOOLS
7994505;Kit Conforto Toyota Etios Tury LVX10AT
7784568;NAO EXISTE NA TOOLS
7784567;NAO EXISTE NA TOOLS
7994507;NAO EXISTE NA TOOLS
7994506;Kit Conforto Toyota Hilux e SW4 Tury LVX10L
7852725;NAO EXISTE NA TOOLS
7994501;NAO EXISTE NA TOOLS
7852991;NAO EXISTE NA TOOLS
7994500;Kit Conforto Toyota Corolla e Fielder 2002 até 2007 Tury LVX10N
7784170;NAO EXISTE NA TOOLS
7785174;NAO EXISTE NA TOOLS
7784569;NAO EXISTE NA TOOLS
7784161;NAO EXISTE NA TOOLS
7784167;NAO EXISTE NA TOOLS
7837251;NAO EXISTE NA TOOLS
7784749;NAO EXISTE NA TOOLS
7837250;NAO EXISTE NA TOOLS
7785809;NAO EXISTE NA TOOLS
7784952;NAO EXISTE NA TOOLS
7837252;NAO EXISTE NA TOOLS
7785806;NAO EXISTE NA TOOLS
7784955;NAO EXISTE NA TOOLS
7851461;NAO EXISTE NA TOOLS
7837257;NAO EXISTE NA TOOLS
7784956;NAO EXISTE NA TOOLS
7851460;NAO EXISTE NA TOOLS
7837256;NAO EXISTE NA TOOLS
7837258;NAO EXISTE NA TOOLS
7784948;NAO EXISTE NA TOOLS
7850171;NAO EXISTE NA TOOLS
7855281;NAO EXISTE NA TOOLS
7786027;NAO EXISTE NA TOOLS
7785815;NAO EXISTE NA TOOLS
7785810;NAO EXISTE NA TOOLS
7855283;NAO EXISTE NA TOOLS
7784575;NAO EXISTE NA TOOLS
7994518;NAO EXISTE NA TOOLS
7852715;NAO EXISTE NA TOOLS
7994517;NAO EXISTE NA TOOLS
7852716;NAO EXISTE NA TOOLS
7852353;NAO EXISTE NA TOOLS
7994513;NAO EXISTE NA TOOLS
7786028;NAO EXISTE NA TOOLS
7994512;Kit Conforto Universal Tury TW2K
7852713;NAO EXISTE NA TOOLS
7994511;Kit Conforto Universal Tury LVX8 LV108
7852712;NAO EXISTE NA TOOLS
7784300;NAO EXISTE NA TOOLS
7993884;Faixa Elástica 65mm - Red Nose
7994519;NAO EXISTE NA TOOLS
7993883;NAO EXISTE NA TOOLS
7993880;Bike 3015 - Kikos
7854107;NAO EXISTE NA TOOLS
7787105;NAO EXISTE NA TOOLS
7994523;Kit Conforto Fiat Palio Fire, Siena Fire e Strada Fire Tury LVX2AK
7994524;NAO EXISTE NA TOOLS
7994525;NAO EXISTE NA TOOLS
7785113;NAO EXISTE NA TOOLS
7994529;Kit Conforto Ford Nova EcoSport Tury LVX5 LVX8BA
7784585;NAO EXISTE NA TOOLS
7785118;NAO EXISTE NA TOOLS
7785115;NAO EXISTE NA TOOLS
7785842;NAO EXISTE NA TOOLS
7784583;NAO EXISTE NA TOOLS
7854649;NAO EXISTE NA TOOLS
7787107;NAO EXISTE NA TOOLS
7854646;Pirelan Gotas Holliday Scott - 20 ml
7785846;NAO EXISTE NA TOOLS
7854647;NAO EXISTE NA TOOLS
7855221;NAO EXISTE NA TOOLS
7855222;NAO EXISTE NA TOOLS
7851447;NAO EXISTE NA TOOLS
7994535;Kit Conforto GM Cobalt LT Tury LVX10AB
7994536;Kit Conforto GM Cobalt LTZ Tury LVX10AA
7854634;NAO EXISTE NA TOOLS
7994537;Kit Conforto GM Cruze Hatch Sport6 LTZ Tury OBD
7854630;NAO EXISTE NA TOOLS
7855220;NAO EXISTE NA TOOLS
7785830;NAO EXISTE NA TOOLS
7785128;NAO EXISTE NA TOOLS
7994531;Kit Conforto GM Captiva Tury LVX10AF
7784590;NAO EXISTE NA TOOLS
7850602;NAO EXISTE NA TOOLS
7994530;Kit Conforto Ford Ranger Nova Tury LVX10AJ
7821954;Antena - interna - Global lock - Mult lock - preta - cada (unidade)
7855256;NAO EXISTE NA TOOLS
7854121;NAO EXISTE NA TOOLS
7855258;NAO EXISTE NA TOOLS
7837287;NAO EXISTE NA TOOLS
7784320;NAO EXISTE NA TOOLS
7854125;NAO EXISTE NA TOOLS
7784326;NAO EXISTE NA TOOLS
7784980;NAO EXISTE NA TOOLS
7994548;Kit Conforto Honda Civic 2012 Tury LVX5 LV500
7994549;Kit Conforto Honda CRV até 2011 Tury LVX10A
7785134;NAO EXISTE NA TOOLS
7783863;NAO EXISTE NA TOOLS
7785131;NAO EXISTE NA TOOLS
7854622;NAO EXISTE NA TOOLS
7854620;NAO EXISTE NA TOOLS
7994547;Kit Conforto Honda City Tury LVX10A
7785130;NAO EXISTE NA TOOLS
7854626;NAO EXISTE NA TOOLS
7994541;Kit Conforto GM Cruze LT LTZ Tury OBD
7994542;Kit Conforto GM S10 2012 em Diante Tury LVX10AS
7994543;Kit Conforto GM Spin Tury LVX10AA
7854625;NAO EXISTE NA TOOLS
7785867;NAO EXISTE NA TOOLS
7785139;NAO EXISTE NA TOOLS
7855250;NAO EXISTE NA TOOLS
7854628;NAO EXISTE NA TOOLS
7855253;NAO EXISTE NA TOOLS
7785138;NAO EXISTE NA TOOLS
7837294;NAO EXISTE NA TOOLS
7993899;Kit de Faixas Elásticas - Red Nose
7784705;NAO EXISTE NA TOOLS
7855244;NAO EXISTE NA TOOLS
7993895;Kit de Extensores - Red nose
7855247;NAO EXISTE NA TOOLS
7993898;NAO EXISTE NA TOOLS
7993891;Elasti Joint - 350g - Labrada - Grape
7851427;NAO EXISTE NA TOOLS
7993893;Kit Boxe Feminino - Red Nose
7784337;NAO EXISTE NA TOOLS
7851428;NAO EXISTE NA TOOLS
7993894;Kit Boxe Masculino - Red Nose
7837292;NAO EXISTE NA TOOLS
7837400;NAO EXISTE NA TOOLS
7993890;B.A Endurance - 120 cápsulas - Labrada
7994559;Kit Conforto Hyundai i30 e i30 CW Tury LVX10E
7785147;NAO EXISTE NA TOOLS
7837406;NAO EXISTE NA TOOLS
7785141;NAO EXISTE NA TOOLS
7994555;Kit Conforto Hyundai HB20 Tury LVX10AN
7785142;NAO EXISTE NA TOOLS
7994553;Kit Conforto Honda Fit Tury LVX10A
7994554;Kit Conforto Honda New Civic até 2011 Tury LVX10A
7784711;NAO EXISTE NA TOOLS
7855242;NAO EXISTE NA TOOLS
7838290;NAO EXISTE NA TOOLS
